countyFIPS,State,2020_total,2021_total,2022_total
1001,AL,5631,41774,77529
1003,AL,12412,136311,248523
1005,AL,2035,22329,35680
1007,AL,2678,25407,37879
1009,AL,3855,52445,88259
1011,AL,3151,14616,19215
1013,AL,8094,27775,45785
1015,AL,10863,129784,228198
1017,AL,9810,44146,59183
1019,AL,2805,17404,30516
1021,AL,4767,44460,74773
1023,AL,2902,9245,13274
1025,AL,2957,23331,36827
1027,AL,2330,21439,30197
1029,AL,1351,16363,25046
1031,AL,2013,48917,84511
1033,AL,5394,54405,93939
1035,AL,2244,13155,25607
1037,AL,650,11106,21225
1039,AL,5098,48815,85726
1041,AL,4335,22174,36209
1043,AL,4729,78747,133459
1045,AL,7352,48234,84288
1047,AL,5043,58744,89024
1049,AL,4858,73075,119360
1051,AL,9721,80343,125744
1053,AL,4613,33241,61972
1055,AL,9509,138274,234438
1057,AL,1848,23273,34710
1059,AL,5467,31183,50433
1061,AL,1107,32602,59320
1063,AL,2978,13271,18220
1065,AL,5732,27629,38369
1067,AL,1089,17257,27544
1069,AL,5304,111889,183532
1071,AL,2819,46078,87243
1073,AL,73181,578175,858801
1075,AL,835,13990,23906
1077,AL,6595,88507,142593
1079,AL,3693,36269,58909
1081,AL,13005,68382,122436
1083,AL,4791,58915,105726
1085,AL,5729,19895,27983
1087,AL,3606,19004,30542
1089,AL,15937,195140,350733
1091,AL,4034,24754,39322
1093,AL,6040,38335,54900
1095,AL,8794,86799,141527
1097,AL,60806,348120,603424
1099,AL,1563,16228,29128
1101,AL,37441,221097,344267
1103,AL,6270,107263,186595
1105,AL,991,10838,16825
1107,AL,3008,23325,38190
1109,AL,2172,29442,48597
1111,AL,3418,17776,27205
1113,AL,482,15862,33183
1115,AL,6709,94572,151742
1117,AL,11711,96752,164115
1119,AL,4036,12308,18584
1121,AL,6181,73210,135562
1123,AL,19282,58380,86191
1125,AL,23208,174962,285172
1127,AL,15676,106871,162580
1129,AL,2900,14870,21216
1131,AL,2678,11191,16690
1133,AL,2708,28359,47629
0,AK,9,609,0
2013,AK,0,180,126
2016,AK,0,367,879
2020,AK,9246,81874,194947
2050,AK,700,8352,15286
2060,AK,0,634,730
2068,AK,0,196,113
2070,AK,40,1272,4281
2090,AK,2282,19089,50263
2100,AK,0,73,365
2105,AK,0,0,0
2110,AK,392,1988,7837
2122,AK,899,11051,38138
2130,AK,20,1532,8486
2150,AK,107,2412,4259
2158,AK,66,1350,1460
2164,AK,0,0,0
2170,AK,1205,25923,87674
2180,AK,0,168,1891
2185,AK,96,1564,4059
2188,AK,0,1305,5779
2195,AK,215,426,730
2198,AK,64,890,1460
2220,AK,0,794,2555
2230,AK,0,0,0
2240,AK,134,2274,7076
2261,AK,121,1337,6944
2275,AK,0,0,0
2282,AK,0,160,730
2290,AK,387,1708,3770
0,AZ,85,295,0
4001,AZ,32423,157065,218814
4003,AZ,12476,109851,201816
4005,AZ,31432,121441,169765
4007,AZ,11243,85511,135114
4009,AZ,4540,33406,63342
4011,AZ,384,4408,11544
4012,AZ,2961,29489,50506
4013,AZ,607703,3767218,6065813
4015,AZ,42062,286924,513238
4017,AZ,46658,202614,321905
4019,AZ,123832,881195,1362013
4021,AZ,40035,331847,584872
4023,AZ,11472,64858,82232
4025,AZ,16585,205257,426712
4027,AZ,61570,305651,418333
0,AR,11,0,0
5001,AR,1961,16472,29254
5003,AR,1822,13824,25284
5005,AR,2229,47156,92140
5007,AR,18712,171730,313684
5009,AR,4036,34372,65392
5011,AR,1154,12385,18627
5013,AR,37,1688,4056
5015,AR,2536,19606,38652
5017,AR,3190,15223,21353
5019,AR,1049,16246,29745
5021,AR,2121,19963,33943
5023,AR,2781,27969,47053
5025,AR,1618,9989,13476
5027,AR,3447,21962,34611
5029,AR,982,13069,23816
5031,AR,7650,72781,121911
5033,AR,3846,48222,92005
5035,AR,8231,42227,82240
5037,AR,2656,19661,31502
5039,AR,696,5823,11689
5041,AR,1031,9110,14823
5043,AR,1191,16450,25679
5045,AR,5452,64768,116073
5047,AR,1050,15511,26571
5049,AR,1275,18854,33419
5051,AR,10525,107500,186799
5053,AR,562,13859,22223
5055,AR,2828,32772,63644
5057,AR,924,8851,24880
5059,AR,4924,30765,50529
5061,AR,1741,10112,18738
5063,AR,6090,48837,76988
5065,AR,405,16422,25841
5067,AR,850,14113,23298
5069,AR,15470,68084,102557
5071,AR,1237,15533,31245
5073,AR,534,4809,10956
5075,AR,3575,17099,28969
5077,AR,2682,14469,22219
5079,AR,3365,17921,24554
5081,AR,4076,18293,37054
5083,AR,573,10649,28171
5085,AR,4396,49915,89141
5087,AR,801,10211,22459
5089,AR,519,14755,32156
5091,AR,2438,21366,65844
5093,AR,8815,43487,76158
5095,AR,272,6959,12629
5097,AR,1104,12788,21118
5099,AR,2267,10344,16390
5101,AR,2797,10804,17649
5103,AR,1395,23919,39280
5105,AR,224,4906,13460
5107,AR,2381,18585,35638
5109,AR,329,9578,16067
5111,AR,3772,30799,46560
5113,AR,1233,29814,54141
5115,AR,5188,43859,75991
5117,AR,663,8825,15272
5119,AR,34505,262896,434100
5121,AR,3539,18642,32739
5123,AR,1592,17710,34688
5125,AR,5685,69714,124406
5127,AR,293,6926,15698
5129,AR,253,7071,17252
5131,AR,12595,109699,191301
5133,AR,2845,12133,27435
5135,AR,2084,19701,39094
5137,AR,2294,12562,24421
5139,AR,7451,42758,65723
5141,AR,734,10179,22145
5143,AR,21636,140321,229981
5145,AR,5001,51723,107529
5147,AR,46,5675,11006
5149,AR,4828,25294,38924
0,CA,0,1370,978
6001,CA,71473,456132,689999
6003,CA,0,0,0
6005,CA,2441,18598,31766
6007,CA,8723,80165,154876
6009,CA,2591,22218,44939
6011,CA,999,5880,7859
6013,CA,44938,309290,487342
6015,CA,156,5723,18249
6017,CA,1076,44232,78171
6019,CA,80595,652020,1005271
6021,CA,712,7755,14969
6023,CA,1487,20023,53605
6025,CA,65759,268279,337649
6027,CA,2328,14131,20714
6029,CA,72740,504646,835496
6031,CA,14604,96542,162282
6033,CA,2146,26460,50382
6035,CA,283,8860,22262
6037,CA,1409109,8849979,11679893
6039,CA,15908,89818,131508
6041,CA,21478,83992,107218
6043,CA,25,1025,8331
6045,CA,2918,21150,46122
6047,CA,24091,178004,301392
6049,CA,0,1631,2815
6051,CA,453,1157,2334
6053,CA,16162,193758,268963
6055,CA,2757,29428,52128
6057,CA,1914,28865,46390
6059,CA,264394,1861215,2576961
6061,CA,11064,121651,228162
6063,CA,44,2114,4718
6065,CA,254121,1658269,2332756
6067,CA,88268,655689,1121823
6069,CA,2137,21991,33819
6071,CA,230791,1887935,2722547
6073,CA,177573,1371945,1929055
6075,CA,27091,204433,336352
6077,CA,86162,541518,813125
6079,CA,5994,100221,177339
6081,CA,36086,191130,252609
6083,CA,21347,167594,252406
6085,CA,73907,628006,851697
6087,CA,4688,73835,96211
6089,CA,6481,87157,201497
6091,CA,0,0,1270
6093,CA,212,10918,30353
6095,CA,15090,100250,160857
6097,CA,18687,121595,180068
6099,CA,65718,376897,602086
6101,CA,3091,49611,80716
6103,CA,2208,28096,71215
6105,CA,74,2021,7340
6107,CA,56849,318097,528810
6109,CA,1259,23579,64621
6111,CA,31360,370658,544421
6113,CA,13660,80514,120300
6115,CA,1449,17605,39271
0,CO,134,1,0
8001,CO,55361,267173,479580
8003,CO,2122,13372,22565
8005,CO,91843,276364,442147
8007,CO,0,1003,5454
8009,CO,8,1563,4521
8011,CO,211,8556,17312
8013,CO,21586,87059,136996
8014,CO,8882,28258,42759
8015,CO,4891,9828,17912
8017,CO,88,2268,3285
8019,CO,293,1297,4241
8021,CO,143,7675,19952
8023,CO,156,2008,6199
8025,CO,558,6508,10929
8027,CO,0,1485,7336
8029,CO,1034,25913,51204
8031,CO,105841,311744,496734
8033,CO,0,503,2850
8035,CO,17478,93544,159071
8037,CO,2519,9083,13063
8039,CO,744,5990,14793
8041,CO,46408,334279,622998
8043,CO,514,25965,68819
8045,CO,1477,18352,34369
8047,CO,31,1069,1459
8049,CO,274,3158,9847
8051,CO,1665,2793,5066
8053,CO,0,0,0
8055,CO,629,6640,12814
8057,CO,0,0,0
8059,CO,69496,297901,501777
8061,CO,29,1173,2130
8063,CO,945,4956,11737
8065,CO,0,313,731
8067,CO,878,16177,31333
8069,CO,12240,95252,186860
8071,CO,98,5826,15831
8073,CO,47,1782,3285
8075,CO,3089,26118,40403
8077,CO,4911,96371,207593
8079,CO,23,366,622
8081,CO,664,10671,19200
8083,CO,1303,10777,28614
8085,CO,3624,25860,60302
8087,CO,11777,35344,50009
8089,CO,1606,26170,47187
8091,CO,360,1455,2190
8093,CO,302,2425,7166
8095,CO,167,4751,6720
8097,CO,572,1620,2436
8099,CO,871,9176,18163
8101,CO,14893,158335,293908
8103,CO,72,2075,4890
8105,CO,541,6691,16567
8107,CO,2120,7626,10190
8109,CO,485,2212,4318
8111,CO,0,58,0
8113,CO,0,624,2869
8115,CO,191,1148,3445
8117,CO,890,3117,5157
8119,CO,888,7814,21221
8121,CO,389,5336,10027
8123,CO,40271,138275,254488
8125,CO,248,6315,8956
0,CT,168,1638,869
9001,CT,353605,792288,985203
9003,CT,354067,881110,1138472
9005,CT,36542,109030,166241
9007,CT,46265,133628,174829
9009,CT,276751,761325,1024084
9011,CT,30183,161545,239582
9013,CT,17261,66090,99315
9015,CT,4935,69980,109974
0,DE,16,11,63
10001,DE,25849,130068,237627
10003,DE,70953,308565,519518
10005,DE,48817,187373,314508
0,DC,0,0,0
11001,DC,146286,403347,492554
0,FL,4,2786475,14275631
12001,FL,11382,95482,104025
12003,FL,3238,21533,22630
12005,FL,19143,135622,143810
12007,FL,2057,19729,21170
12009,FL,53237,309816,333610
12011,FL,254351,1038202,1123835
12013,FL,2690,15800,16425
12015,FL,29555,148128,159505
12017,FL,20121,159053,168995
12019,FL,20711,120444,128480
12021,FL,42062,188447,201115
12023,FL,10425,59738,62050
12027,FL,5452,32718,35405
12029,FL,1516,8081,8760
12031,FL,75619,495487,541295
12033,FL,41937,243271,257690
12035,FL,5213,37889,41610
12037,FL,550,6418,7300
12039,FL,7617,33968,36135
12041,FL,2280,14813,16060
12043,FL,1076,6516,6935
12045,FL,2287,15464,16425
12047,FL,1424,8580,9125
12049,FL,2227,14696,16425
12051,FL,8317,29371,31755
12053,FL,23956,164505,175930
12055,FL,17676,124311,133590
12057,FL,124058,620977,668680
12059,FL,1623,17073,17885
12061,FL,19104,104887,111690
12063,FL,12518,55932,57670
12065,FL,1759,9585,10220
12067,FL,2062,9264,9490
12069,FL,31714,224025,241995
12071,FL,89801,348980,368285
12073,FL,14942,112998,121180
12075,FL,1718,17865,20440
12077,FL,1591,5749,5840
12079,FL,3585,15865,16425
12081,FL,59196,236798,251485
12083,FL,46671,334902,363540
12085,FL,25099,114664,122275
12086,FL,581458,2222137,2362280
12087,FL,3964,17962,18980
12089,FL,6671,43622,46355
12091,FL,19537,127725,133955
12093,FL,4878,30679,32485
12095,FL,85036,447110,478150
12097,FL,30759,179933,193085
12099,FL,263111,993560,1052295
12101,FL,37380,268806,292730
12103,FL,133647,577568,609915
12105,FL,95187,471341,506255
12107,FL,7717,53126,58400
12109,FL,12538,75662,80665
12111,FL,50348,224647,239805
12113,FL,13431,100204,106215
12115,FL,54836,290707,308060
12117,FL,36381,175953,188340
12119,FL,13609,95644,103660
12121,FL,13039,49099,51100
12123,FL,2309,16427,17520
12125,FL,5035,26495,27010
12127,FL,48348,282206,308790
12129,FL,1818,19293,20440
12131,FL,5082,30839,32485
12133,FL,4047,17795,18980
0,GA,31069,258987,540586
13001,GA,6077,27803,46537
13003,GA,1006,8646,18126
13005,GA,2511,15273,27797
13007,GA,987,3790,5371
13009,GA,11701,51042,87360
13011,GA,1418,15880,33696
13013,GA,9345,53956,93442
13015,GA,17712,91374,162890
13017,GA,3931,29248,44021
13019,GA,1810,17264,30705
13021,GA,29548,173296,284874
13023,GA,3423,19619,36210
13025,GA,2076,18051,39426
13027,GA,4683,18758,31869
13029,GA,2461,16423,34098
13031,GA,4743,46119,95835
13033,GA,2187,21865,40028
13035,GA,9093,32482,57487
13037,GA,1897,6099,8451
13039,GA,2179,19321,44715
13043,GA,3110,23323,36176
13045,GA,14209,85848,166084
13047,GA,3693,28653,62788
13049,GA,1407,13425,22753
13051,GA,28236,179733,326752
13053,GA,170,5314,7951
13055,GA,3536,28194,49170
13057,GA,18249,124182,228616
13059,GA,8239,52802,85032
13061,GA,622,1205,2167
13063,GA,31833,192427,355798
13065,GA,1634,10118,15140
13067,GA,87719,400263,668681
13069,GA,9786,64158,102557
13071,GA,7029,46673,90043
13073,GA,10015,78543,141363
13075,GA,2382,16761,27246
13077,GA,9038,88563,177599
13079,GA,704,9036,20659
13081,GA,4102,29926,49714
13083,GA,885,5276,11572
13085,GA,1556,18117,36539
13087,GA,5287,27545,47495
13089,GA,70821,379550,633975
13091,GA,3232,36110,56180
13093,GA,3730,16214,25294
13095,GA,44897,118182,182919
13097,GA,14150,82006,147855
13099,GA,8248,17750,22903
13101,GA,308,2862,4290
13103,GA,3742,34293,71789
13105,GA,1470,25254,40279
13107,GA,5123,31978,58035
13109,GA,922,11957,23576
13111,GA,3336,27850,58094
13113,GA,9431,64343,119828
13115,GA,9964,92399,187984
13117,GA,8901,74080,146106
13119,GA,2371,20662,37090
13121,GA,117390,518887,855478
13123,GA,2797,33845,64288
13125,GA,290,5831,9171
13127,GA,14840,79215,147640
13129,GA,8103,48289,97622
13131,GA,3554,23786,40054
13133,GA,4148,21665,30928
13135,GA,78865,427816,690382
13137,GA,13476,60083,96047
13139,GA,29526,180483,307094
13141,GA,8705,24773,32488
13143,GA,2288,30114,62525
13145,GA,4351,23637,41260
13147,GA,2255,19448,36011
13149,GA,1203,8804,19761
13151,GA,18584,128231,249116
13153,GA,15563,99470,181882
13155,GA,1121,10485,18188
13157,GA,6466,57671,105097
13159,GA,608,14016,26777
13161,GA,3362,16677,26352
13163,GA,4425,24965,40566
13165,GA,5309,16684,24243
13167,GA,3536,18160,27178
13169,GA,1963,22921,40556
13171,GA,3314,22883,42171
13173,GA,1163,4686,8982
13175,GA,11599,66475,110451
13177,GA,6728,22331,37770
13179,GA,3441,27643,54928
13181,GA,1182,9635,13044
13183,GA,628,5636,12428
13185,GA,13142,80029,143359
13187,GA,2477,28179,47630
13189,GA,3006,19365,36626
13191,GA,1019,7064,13561
13193,GA,2473,12106,18397
13195,GA,1831,20464,39685
13197,GA,1467,9013,18499
13199,GA,2394,30507,52703
13201,GA,206,5039,10857
13205,GA,10807,30699,42846
13207,GA,8788,39653,63423
13209,GA,972,9698,19164
13211,GA,646,10905,24284
13213,GA,2090,34886,68200
13215,GA,28401,174761,300889
13217,GA,14434,94812,165311
13219,GA,4973,25466,38655
13221,GA,2332,11359,20687
13223,GA,10272,86129,157403
13225,GA,4170,25634,48791
13227,GA,1947,29325,61145
13229,GA,3491,24174,47845
13231,GA,1800,16238,35282
13233,GA,3795,38631,70786
13235,GA,2892,16746,28280
13237,GA,4842,22576,38462
13239,GA,261,955,1595
13241,GA,1631,18461,35716
13243,GA,6706,12965,17487
13245,GA,29083,190381,324286
13247,GA,7254,65150,116871
13249,GA,405,1871,3788
13251,GA,1992,13090,25313
13253,GA,1672,7169,11232
13255,GA,11920,76459,151449
13257,GA,5908,31256,57697
13259,GA,2331,9016,12354
13261,GA,14442,39108,61637
13263,GA,1204,7228,11880
13265,GA,0,925,1244
13267,GA,1978,26279,48641
13269,GA,1747,9950,18805
13271,GA,3348,21059,30885
13273,GA,7623,17626,24199
13275,GA,13005,49173,77732
13277,GA,10934,48722,80439
13279,GA,7252,44987,73244
13281,GA,1984,21604,40970
13283,GA,1519,12242,22945
13285,GA,17739,86319,139157
13287,GA,4840,14459,21980
13289,GA,1538,16413,25377
13291,GA,3831,31359,57899
13293,GA,13370,48810,85896
13295,GA,6288,37032,88802
13297,GA,11426,95367,158008
13299,GA,10334,66743,102712
13301,GA,745,6650,10993
13303,GA,1956,31263,49807
13305,GA,4798,38772,75337
13307,GA,434,1594,3087
13309,GA,1861,9658,14067
13311,GA,3435,32544,59323
13313,GA,11322,94530,159818
13315,GA,4846,16596,25387
13317,GA,959,10143,18935
13319,GA,3134,11239,21152
13321,GA,6765,25826,42700
0,HI,214,1656,19074
15001,HI,3140,26718,70895
15003,HI,21171,170766,396204
15005,HI,0,0,0
15007,HI,37,1606,11584
15009,HI,2591,22317,51077
0,ID,7,18,0
16001,ID,30226,200343,375799
16003,ID,240,2238,5510
16005,ID,2667,46179,91732
16007,ID,123,2053,5928
16009,ID,394,4800,14759
16011,ID,2718,30568,57790
16013,ID,1692,7137,11086
16015,ID,253,1565,4954
16017,ID,412,21126,67568
16019,ID,5725,65098,104329
16021,ID,273,6615,22721
16023,ID,0,686,3640
16025,ID,0,93,703
16027,ID,18431,131409,250545
16029,ID,620,5086,10392
16031,ID,1573,10811,19346
16033,ID,0,0,285
16035,ID,113,6141,12271
16037,ID,119,1334,3167
16039,ID,901,8783,24995
16041,ID,376,6495,10713
16043,ID,777,5373,10119
16045,ID,784,16000,29133
16047,ID,934,10542,20470
16049,ID,555,8210,19159
16051,ID,780,11711,23449
16053,ID,1750,11071,23624
16055,ID,8061,94609,218981
16057,ID,150,6296,18190
16059,ID,422,4255,9589
16061,ID,303,4512,10486
16063,ID,475,4127,5428
16065,ID,630,10582,18788
16067,ID,1524,13026,23120
16069,ID,6052,24406,53764
16071,ID,24,1830,4037
16073,ID,1064,11356,18955
16075,ID,1748,15690,31549
16077,ID,266,3719,7181
16079,ID,2646,15309,27875
16081,ID,164,1636,3195
16083,ID,10958,55858,106975
16085,ID,195,2633,5825
16087,ID,1195,10150,20771
0,IL,145,9454,1796117
17001,IL,4203,59714,85249
17003,IL,278,3893,5497
17005,IL,1327,11760,14049
17007,IL,6463,32485,45216
17009,IL,317,4816,6823
17011,IL,3767,37926,51804
17013,IL,52,2029,2811
17015,IL,2228,13847,18226
17017,IL,2578,13309,15811
17019,IL,6730,61853,110483
17021,IL,4301,35334,48049
17023,IL,1632,15559,21042
17025,IL,1620,17625,25892
17027,IL,6968,38437,45378
17029,IL,7446,39503,64226
17031,IL,1268808,4015516,4487976
17033,IL,1182,17206,21905
17035,IL,1361,12095,16755
17037,IL,7866,46941,73785
17039,IL,1153,14499,18100
17041,IL,1581,14884,21559
17043,IL,140076,498146,647848
17045,IL,1703,24723,29213
17047,IL,204,5531,10547
17049,IL,1968,34117,54660
17051,IL,3108,22364,37122
17053,IL,2184,23359,28893
17055,IL,2055,37280,65462
17057,IL,896,24943,47895
17059,IL,375,2264,6494
17061,IL,2451,19202,21897
17063,IL,2182,29706,51303
17065,IL,385,7542,12422
17067,IL,1192,16119,21084
17069,IL,140,5131,7889
17071,IL,159,6398,8168
17073,IL,1966,35465,50961
17075,IL,3935,26130,43435
17077,IL,5939,31749,49758
17079,IL,2155,7729,11825
17081,IL,8576,46601,64911
17083,IL,2776,25949,31614
17085,IL,1413,10733,15008
17087,IL,438,9741,17593
17089,IL,79022,312113,425598
17091,IL,19016,84822,137246
17093,IL,7234,39811,61498
17095,IL,4872,65316,86088
17097,IL,117035,397867,532171
17099,IL,14551,113562,161556
17101,IL,1148,13863,18358
17103,IL,2379,34412,39540
17105,IL,2750,37738,54136
17107,IL,1548,28872,36579
17109,IL,4767,23659,38294
17111,IL,28799,118641,182694
17113,IL,6950,85033,121979
17115,IL,13049,84483,132398
17117,IL,2718,47009,63210
17119,IL,32810,232086,321335
17121,IL,4133,49180,79708
17123,IL,438,8021,12559
17125,IL,1517,17849,23591
17127,IL,720,18073,27718
17129,IL,211,5856,9063
17131,IL,1281,13153,18582
17133,IL,5829,33829,46903
17135,IL,2382,29755,40871
17137,IL,4949,40250,52596
17139,IL,1050,12925,18564
17141,IL,3101,33648,49544
17143,IL,14613,127114,197392
17145,IL,2878,27907,38293
17147,IL,324,7490,9874
17149,IL,1708,22260,28562
17151,IL,128,2156,3472
17153,IL,197,3567,8101
17155,IL,0,1795,3867
17157,IL,3052,35113,47914
17159,IL,1899,20845,30742
17161,IL,18123,134137,187180
17163,IL,44098,212891,288417
17165,IL,1959,28163,40793
17167,IL,13906,107223,156937
17169,IL,268,7080,9055
17171,IL,20,1077,4681
17173,IL,2131,16825,30466
17175,IL,552,9061,12615
17177,IL,3099,39829,65133
17179,IL,9829,123416,184618
17181,IL,5119,18387,26204
17183,IL,3819,63450,112859
17185,IL,703,6951,11431
17187,IL,1531,20815,31714
17189,IL,518,11798,14913
17191,IL,2498,20249,31139
17193,IL,791,14080,21127
17195,IL,9911,78379,94766
17197,IL,99760,403571,587092
17199,IL,8396,57931,96537
17201,IL,37649,196762,311368
17203,IL,2682,36159,47706
0,IN,3163,0,246699
18001,IN,1905,22055,40450
18003,IN,49459,268671,422256
18005,IN,13296,59476,89604
18007,IN,189,5289,7662
18009,IN,1303,12314,24778
18011,IN,11746,39297,64377
18013,IN,672,15518,22416
18015,IN,2019,9758,23777
18017,IN,3901,39835,58745
18019,IN,14924,78997,141450
18021,IN,2232,18136,31260
18023,IN,3087,23391,44184
18025,IN,355,6806,13592
18027,IN,7337,37644,54163
18029,IN,6898,30121,49701
18031,IN,10005,36158,52122
18033,IN,3215,33083,53716
18035,IN,16255,79157,157829
18037,IN,4189,43175,59678
18039,IN,28862,174011,262682
18041,IN,3959,26128,52412
18043,IN,14516,69296,106593
18045,IN,1126,18391,36077
18047,IN,4782,14162,23324
18049,IN,1465,17756,36895
18051,IN,2637,35875,52167
18053,IN,9340,69904,124274
18055,IN,9244,32759,49765
18057,IN,32249,160814,235655
18059,IN,10818,55985,92703
18061,IN,5959,28570,49467
18063,IN,31466,125633,198294
18065,IN,5818,43415,82394
18067,IN,15059,87982,159695
18069,IN,1461,31890,55912
18071,IN,3303,28000,46275
18073,IN,1524,22387,52495
18075,IN,1131,13672,28118
18077,IN,1526,30870,55057
18079,IN,3196,19544,38349
18081,IN,34261,148935,219548
18083,IN,2015,33266,54514
18085,IN,5080,47269,84704
18087,IN,3636,27722,37037
18089,IN,80569,383800,650352
18091,IN,12063,81584,130770
18093,IN,8333,49931,92411
18095,IN,22729,136488,232499
18097,IN,192427,693255,1066873
18099,IN,5748,43934,70389
18101,IN,358,5907,9014
18103,IN,1436,28194,57032
18105,IN,9273,65487,100316
18107,IN,5439,34675,58941
18109,IN,9390,55948,102309
18111,IN,2966,14633,24567
18113,IN,8179,34422,56423
18115,IN,1073,4055,6803
18117,IN,6253,21556,34612
18119,IN,1054,22485,42139
18121,IN,534,6993,17467
18123,IN,2984,15668,24513
18125,IN,1647,13229,17757
18127,IN,12949,119215,200491
18129,IN,1273,13182,20629
18131,IN,1288,17750,30927
18133,IN,3480,24155,45199
18135,IN,2365,30839,52800
18137,IN,2810,26495,49332
18139,IN,1148,9657,20355
18141,IN,31507,209569,310891
18143,IN,3297,22241,37880
18145,IN,9441,41114,65277
18147,IN,966,12338,21771
18149,IN,2644,22246,34655
18151,IN,1660,23791,43205
18153,IN,2002,16365,27230
18155,IN,217,3215,6990
18157,IN,4357,83137,140341
18159,IN,3938,18676,31326
18161,IN,88,4334,7631
18163,IN,11522,150990,223028
18165,IN,749,16850,26535
18167,IN,9118,95892,146808
18169,IN,2356,31068,55453
18171,IN,481,5790,10537
18173,IN,11271,59332,85579
18175,IN,744,13844,28954
18177,IN,7347,78601,120582
18179,IN,2491,30474,47823
18181,IN,3292,20687,33751
18183,IN,1714,16432,29844
0,IA,2,284,3080
19001,IA,660,11612,18325
19003,IA,101,1731,4937
19005,IA,1784,17963,22100
19007,IA,1584,17808,25106
19009,IA,372,4292,7479
19011,IA,1471,20029,28193
19013,IA,21318,116182,175635
19015,IA,1311,12091,20835
19017,IA,2531,22473,30118
19019,IA,835,12218,21790
19021,IA,2665,14782,21170
19023,IA,853,12827,19580
19025,IA,729,4830,8948
19027,IA,1753,18375,25381
19029,IA,1638,20041,28652
19031,IA,1111,8597,13497
19033,IA,4915,35132,61310
19035,IA,710,14109,23378
19037,IA,354,6061,11809
19039,IA,675,8451,13801
19041,IA,691,10103,16507
19043,IA,1490,20528,26934
19045,IA,4110,33891,54106
19047,IA,1757,14615,19586
19049,IA,9129,35774,52813
19051,IA,921,8831,11885
19053,IA,61,3541,9455
19055,IA,1804,15797,24772
19057,IA,2006,27256,51335
19059,IA,1350,16200,26595
19061,IA,11581,76771,109600
19063,IA,2243,14857,19238
19065,IA,781,15273,27766
19067,IA,1797,15518,22872
19069,IA,2488,8512,15767
19071,IA,220,3646,9162
19073,IA,154,4237,8204
19075,IA,915,12006,16085
19077,IA,2083,11398,16665
19079,IA,1036,17733,26976
19081,IA,1023,12403,17420
19083,IA,1040,15914,22744
19085,IA,2446,26658,34450
19087,IA,1347,14637,26991
19089,IA,1068,7982,12613
19091,IA,789,9442,13933
19093,IA,854,12982,17653
19095,IA,1100,9429,17759
19097,IA,1127,15289,25231
19099,IA,6888,26856,40695
19101,IA,513,12993,19047
19103,IA,5543,31065,55594
19105,IA,1504,20879,27151
19107,IA,751,11716,17896
19109,IA,700,23457,32508
19111,IA,1777,24056,51163
19113,IA,28331,127010,215103
19115,IA,3443,17231,22716
19117,IA,1066,7982,11609
19119,IA,1131,14695,18387
19121,IA,698,7056,14396
19123,IA,4574,18830,32104
19125,IA,1948,28635,45250
19127,IA,7119,28458,41536
19129,IA,589,8548,15494
19131,IA,684,15198,17888
19133,IA,503,11324,17813
19135,IA,2104,11380,18049
19137,IA,1221,13769,19952
19139,IA,12463,37396,48068
19141,IA,2815,22183,26054
19143,IA,157,5773,7909
19145,IA,358,8427,17211
19147,IA,218,8727,13910
19149,IA,4463,29531,37333
19151,IA,485,7674,9848
19153,IA,57006,234322,402347
19155,IA,8398,63008,115473
19157,IA,2503,12815,22337
19159,IA,385,8494,12752
19161,IA,582,7465,13111
19163,IA,8898,88885,145086
19165,IA,814,13411,18613
19167,IA,2306,26225,32056
19169,IA,3156,17504,32452
19171,IA,8037,25823,33650
19173,IA,347,4470,8065
19175,IA,829,12429,18676
19177,IA,506,6792,9703
19179,IA,11060,45037,74120
19181,IA,1561,31443,49731
19183,IA,2972,18565,28812
19185,IA,887,8375,11832
19187,IA,3516,35753,60266
19189,IA,2357,11668,16793
19191,IA,1242,12445,18657
19193,IA,17068,83334,122624
19195,IA,52,2760,5757
19197,IA,584,14071,23634
0,KS,10593,35545,199570
20001,KS,100,6811,18182
20003,KS,0,6195,10240
20005,KS,711,6402,12237
20007,KS,78,2174,2902
20009,KS,1491,17824,33769
20011,KS,517,10412,18436
20013,KS,889,13681,16778
20015,KS,912,34901,65120
20017,KS,255,1135,2547
20019,KS,77,2533,6151
20021,KS,1098,20460,30509
20023,KS,637,4806,5110
20025,KS,388,2465,2832
20027,KS,917,10509,12569
20029,KS,143,8200,13067
20031,KS,2205,8200,14935
20033,KS,89,3697,5658
20035,KS,1187,36526,54750
20037,KS,1783,30209,45630
20039,KS,118,4259,7099
20041,KS,734,17393,27691
20043,KS,153,8217,12241
20045,KS,2497,30911,48738
20047,KS,0,3870,4745
20049,KS,0,1678,3450
20051,KS,2108,25814,29372
20053,KS,220,8572,11560
20055,KS,3632,26759,40242
20057,KS,2320,26382,40549
20059,KS,1082,16143,28879
20061,KS,671,15761,26812
20063,KS,1344,7612,8393
20065,KS,184,3078,5302
20067,KS,1168,7700,12936
20069,KS,278,5377,8393
20071,KS,0,493,1095
20073,KS,74,4034,8175
20075,KS,0,316,1091
20077,KS,728,6962,9655
20079,KS,1690,25539,44101
20081,KS,106,2984,3970
20083,KS,128,3058,3650
20085,KS,644,6019,10259
20087,KS,640,13951,21876
20089,KS,163,2271,4741
20091,KS,38891,288239,431208
20093,KS,667,4070,7200
20095,KS,353,5956,10006
20097,KS,0,1583,2553
20099,KS,649,18303,26686
20101,KS,145,2426,4251
20103,KS,3577,35433,65309
20105,KS,80,1739,3524
20107,KS,78,3790,9907
20109,KS,0,2207,4595
20111,KS,5771,31134,42970
20113,KS,961,30212,45287
20115,KS,267,8699,15277
20117,KS,607,9604,15125
20119,KS,272,4275,7059
20121,KS,323,16824,33054
20123,KS,0,6097,7745
20125,KS,1135,29429,54696
20127,KS,203,7892,9991
20129,KS,588,3068,3960
20131,KS,1449,19987,21874
20133,KS,186,13415,23549
20135,KS,1075,5871,6543
20137,KS,1508,10295,13468
20139,KS,387,9747,17324
20141,KS,0,4023,6104
20143,KS,0,4260,6095
20145,KS,91,5144,8621
20147,KS,1457,8794,10821
20149,KS,116,11617,19838
20151,KS,545,9161,10928
20153,KS,121,2609,3298
20155,KS,3803,52930,81604
20157,KS,366,4886,5695
20159,KS,125,4215,8121
20161,KS,1807,16590,28971
20163,KS,678,4086,7206
20165,KS,0,4857,6513
20167,KS,864,10432,13373
20169,KS,2963,52875,85575
20171,KS,390,8863,12342
20173,KS,20360,287770,482840
20175,KS,1603,15145,21447
20177,KS,12903,139191,217159
20179,KS,0,4393,6548
20181,KS,477,4350,7173
20183,KS,46,963,2533
20185,KS,289,4285,9437
20187,KS,268,2081,2888
20189,KS,102,3567,7088
20191,KS,886,18608,25118
20193,KS,324,6982,10046
20195,KS,143,2572,3572
20197,KS,214,5117,7963
20199,KS,0,1302,1825
20201,KS,327,5052,7800
20203,KS,138,2217,2920
20205,KS,353,7742,15235
20207,KS,0,2153,5199
20209,KS,30626,109571,170883
0,KY,41,0,0
21001,KY,5200,21586,38830
21003,KY,2029,16799,39031
21005,KY,292,9950,25693
21007,KY,165,4208,11619
21009,KY,2671,37694,79984
21011,KY,292,8383,16788
21013,KY,2212,23280,55415
21015,KY,5775,50880,109377
21017,KY,292,7333,21712
21019,KY,2675,28176,65469
21021,KY,11,25061,49776
21023,KY,182,2952,9628
21025,KY,165,5617,20597
21027,KY,559,7402,28912
21029,KY,2590,31657,80773
21031,KY,3507,10248,19317
21033,KY,387,12471,22413
21035,KY,1740,18406,33980
21037,KY,3719,27922,65276
21039,KY,245,3047,7244
21041,KY,779,7269,17180
21043,KY,581,14609,39044
21045,KY,2469,14807,27126
21047,KY,4421,39267,77517
21049,KY,1799,11281,25379
21051,KY,1179,16044,33905
21053,KY,567,11028,18685
21055,KY,313,8833,17978
21057,KY,55,4351,11278
21059,KY,5132,73788,142227
21061,KY,2751,8768,17079
21063,KY,28,1348,7014
21065,KY,0,4216,18100
21067,KY,15270,115102,224400
21069,KY,32,8861,21812
21071,KY,696,27418,75529
21073,KY,2161,21082,56958
21075,KY,454,5124,11161
21077,KY,1663,11173,18641
21079,KY,448,12246,28654
21081,KY,1319,8255,22500
21083,KY,6776,35904,65722
21085,KY,3441,23116,48818
21087,KY,1207,7094,16308
21089,KY,1247,21926,52349
21091,KY,537,5573,9028
21093,KY,3176,65895,160540
21095,KY,1838,33932,75687
21097,KY,84,9397,27808
21099,KY,315,18179,37083
21101,KY,3148,29704,60867
21103,KY,392,6678,18547
21105,KY,168,5044,9927
21107,KY,9801,57136,93315
21109,KY,3777,13360,28633
21111,KY,71577,459607,858917
21113,KY,2068,26810,52274
21115,KY,526,13602,42557
21117,KY,11112,71479,152376
21119,KY,718,9627,23691
21121,KY,1583,15650,52981
21123,KY,237,10769,26220
21125,KY,1483,29904,88374
21127,KY,118,10054,25519
21129,KY,890,9647,19238
21131,KY,70,4116,17651
21133,KY,288,16824,42360
21135,KY,2186,15506,31231
21137,KY,2289,22240,48841
21139,KY,282,10007,22104
21141,KY,5378,25415,45425
21143,KY,1005,7420,13070
21145,KY,2484,47178,97391
21147,KY,91,12851,29653
21149,KY,1140,11043,19392
21151,KY,1838,43622,101247
21153,KY,51,5674,18590
21155,KY,1322,13800,30300
21157,KY,1302,22237,40817
21159,KY,624,8275,17564
21161,KY,519,16094,38620
21163,KY,709,9686,23713
21165,KY,91,6089,11802
21167,KY,587,19137,38966
21169,KY,575,10951,24050
21171,KY,1191,16971,29159
21173,KY,779,13254,38408
21175,KY,0,1874,10486
21177,KY,3080,25076,44788
21179,KY,942,22790,55527
21181,KY,276,4049,11639
21183,KY,1919,21756,38089
21185,KY,4727,30368,52126
21187,KY,329,5502,12824
21189,KY,260,5394,10226
21191,KY,53,3031,14061
21193,KY,1394,25061,64921
21195,KY,1766,42488,112766
21197,KY,0,4704,15782
21199,KY,2039,44275,105578
21201,KY,195,5046,7680
21203,KY,419,8707,22000
21205,KY,190,7878,24683
21207,KY,1592,16875,31790
21209,KY,2087,13992,39443
21211,KY,4666,28370,59209
21213,KY,1530,15222,34005
21215,KY,145,8570,21505
21217,KY,1073,20047,45522
21219,KY,1331,9897,16131
21221,KY,80,5693,15963
21223,KY,0,3457,14927
21225,KY,632,7551,20776
21227,KY,8908,69160,136446
21229,KY,348,13840,22465
21231,KY,213,17286,34189
21233,KY,700,9227,17996
21235,KY,752,22319,72395
21237,KY,57,2627,9433
21239,KY,29,7372,18628
0,LA,83,0,0
22001,LA,19085,76391,106665
22003,LA,9392,35183,50342
22005,LA,20899,67828,106525
22007,LA,4902,15312,25220
22009,LA,10137,50613,75828
22011,LA,6585,32409,51584
22013,LA,7653,30452,40554
22015,LA,21784,117593,179953
22017,LA,79553,288920,421643
22019,LA,38846,172360,257976
22021,LA,977,11301,19399
22023,LA,316,2506,3150
22025,LA,2219,14567,20482
22027,LA,4506,20471,28072
22029,LA,3296,23514,32480
22031,LA,7312,31497,49539
22033,LA,94806,331583,491469
22035,LA,990,9736,13637
22037,LA,13391,44316,62018
22039,LA,5417,37906,57550
22041,LA,8058,41998,64432
22043,LA,4633,22397,33892
22045,LA,18537,64363,95891
22047,LA,13393,38521,54931
22049,LA,5045,19554,27689
22051,LA,138792,352482,492796
22053,LA,7538,37321,58210
22055,LA,24475,115357,181876
22057,LA,27081,85839,136266
22059,LA,1758,14052,21969
22061,LA,9097,36022,52932
22063,LA,15424,93258,169350
22065,LA,1719,15325,21753
22067,LA,4572,31289,49279
22069,LA,6168,36890,61874
22071,LA,149009,309922,410799
22073,LA,31549,175909,274911
22075,LA,4835,10956,16739
22077,LA,8897,27495,33846
22079,LA,28873,130193,210130
22081,LA,4207,14629,19707
22083,LA,3083,22287,35778
22085,LA,2894,24813,41698
22087,LA,7048,24070,40866
22089,LA,14528,37850,52981
22091,LA,628,4483,8652
22093,LA,8722,20456,27888
22095,LA,24962,53647,67096
22097,LA,26279,102469,149840
22099,LA,12261,47069,68793
22101,LA,15760,59104,97076
22103,LA,57577,209065,313800
22105,LA,22537,131484,222259
22107,LA,298,2809,4300
22109,LA,23669,92574,152010
22111,LA,9383,31709,49033
22113,LA,9883,50823,82721
22115,LA,8487,43783,69076
22117,LA,14728,56643,92054
22119,LA,6412,43258,67287
22121,LA,9419,23303,32692
22123,LA,2367,15698,24033
22125,LA,4663,12781,16774
22127,LA,3353,17369,23397
0,ME,2,2,8
23001,ME,2797,30435,101366
23003,ME,274,20929,60409
23005,ME,16378,73711,139393
23007,ME,402,6404,22450
23009,ME,451,14815,33036
23011,ME,3046,28682,88899
23013,ME,341,2929,13861
23015,ME,198,1416,12682
23017,ME,433,24005,54414
23019,ME,1425,42564,121484
23021,ME,32,2440,12227
23023,ME,10,3503,12665
23025,ME,1463,13469,39485
23027,ME,3707,8721,22441
23029,ME,71,6669,20715
23031,ME,4679,49769,105424
0,MD,15146,3332,67342
24001,MD,8471,79519,131104
24003,MD,58468,234735,397392
24005,MD,139961,576696,908813
24009,MD,6822,30288,53057
24011,MD,1188,11571,28959
24013,MD,29526,90826,148329
24015,MD,8359,54152,94674
24017,MD,23062,75850,128998
24019,MD,2070,22250,39751
24021,MD,31406,120348,191436
24023,MD,922,24783,41796
24025,MD,18104,107011,211808
24027,MD,26766,90611,137861
24029,MD,5510,17595,25132
24031,MD,196169,571767,752328
24033,MD,188199,559401,787550
24035,MD,5471,19326,40970
24037,MD,12523,49113,79671
24039,MD,1244,14933,26796
24041,MD,1170,15289,32176
24043,MD,10194,116436,212207
24045,MD,11119,63708,119346
24047,MD,5841,37548,58229
24510,MD,106514,419239,650728
0,MA,2072,4325,8214
25001,MA,39688,167785,221226
25003,MA,13761,103914,141414
25005,MA,162315,621154,810795
25007,MA,0,24,0
25009,MA,300963,858597,1037776
25011,MA,16245,41017,54120
25013,MA,186663,549147,679521
25015,MA,32363,106608,134458
25017,MA,507509,1348351,1526325
25019,MA,357,261,0
25021,MA,252471,640801,725191
25023,MA,182161,517561,639016
25025,MA,269695,661160,753427
25027,MA,254135,807916,981255
0,MI,20497,63418,82268
26001,MI,650,12179,25987
26003,MI,122,2370,5186
26005,MI,3115,57178,129854
26007,MI,3357,22928,51272
26009,MI,316,10687,24425
26011,MI,1339,11218,25855
26013,MI,1120,13990,19953
26015,MI,1527,25297,62298
26017,MI,13464,125765,218110
26019,MI,780,13163,25345
26021,MI,19313,105130,209836
26023,MI,2953,36169,67579
26025,MI,14968,111358,214968
26027,MI,3984,28398,53351
26029,MI,836,8727,22221
26031,MI,1548,18141,39891
26033,MI,380,13133,37551
26035,MI,2262,31098,58404
26037,MI,3961,33875,76393
26039,MI,1265,4448,11618
26041,MI,4741,35149,58424
26043,MI,3443,27566,40848
26045,MI,4481,74409,149409
26047,MI,2066,15997,32716
26049,MI,83157,344394,642355
26051,MI,1133,21419,42845
26053,MI,1796,18613,25696
26055,MI,2846,35803,86830
26057,MI,4631,42960,68968
26059,MI,7394,36054,74442
26061,MI,1233,16745,35073
26063,MI,1826,28883,53844
26065,MI,14014,138586,285130
26067,MI,2440,30509,65465
26069,MI,3880,28463,53819
26071,MI,2631,19351,32281
26073,MI,3468,35936,77380
26075,MI,13650,103997,206891
26077,MI,24705,143760,251367
26079,MI,1056,9539,22234
26081,MI,47962,313323,573350
26083,MI,91,1204,4908
26085,MI,279,6070,13846
26087,MI,10257,70803,154129
26089,MI,287,7419,20801
26091,MI,4105,58952,118589
26093,MI,8497,71025,168530
26095,MI,0,1256,5065
26097,MI,45,2040,11508
26099,MI,260005,872658,1469886
26101,MI,669,9955,33267
26103,MI,4231,24104,49827
26105,MI,667,13743,34737
26107,MI,1007,13255,40123
26109,MI,1129,16037,26246
26111,MI,3562,35936,83779
26113,MI,489,9854,22843
26115,MI,9932,94044,174980
26117,MI,2599,40510,77672
26119,MI,209,7995,17510
26121,MI,20927,133193,234370
26123,MI,1221,25076,58167
26125,MI,299892,866281,1432772
26127,MI,2178,21851,34015
26129,MI,1488,16569,38549
26131,MI,671,7767,14295
26133,MI,507,11590,30356
26135,MI,655,10739,20574
26137,MI,3070,15315,37808
26139,MI,20011,158872,293042
26141,MI,316,12202,21774
26143,MI,1295,19419,42957
26145,MI,39188,219604,349573
26147,MI,15510,150465,305851
26149,MI,3576,37277,76494
26151,MI,2831,41513,72471
26153,MI,156,1901,5811
26155,MI,7897,39182,84576
26157,MI,8881,61977,103253
26159,MI,4958,48229,101781
26161,MI,29368,106184,196063
26163,MI,732117,1817763,2940886
26165,MI,1445,15950,40303
0,MN,100,2,0
27001,MN,1513,14091,22491
27003,MN,33740,168956,288863
27005,MN,1264,20204,33961
27007,MN,1620,24158,45728
27009,MN,3586,37011,62975
27011,MN,118,1502,3137
27013,MN,1640,17021,36624
27015,MN,1356,15693,28883
27017,MN,1212,20901,35229
27019,MN,1681,18275,41969
27021,MN,1172,12543,29443
27023,MN,926,13770,17323
27025,MN,1097,20138,43210
27027,MN,10312,33929,45280
27029,MN,463,6125,11018
27031,MN,0,31,1348
27033,MN,287,8705,14757
27035,MN,4552,35394,61233
27037,MN,29535,170306,282715
27039,MN,73,1927,7572
27041,MN,2317,29325,42656
27043,MN,202,8088,18926
27045,MN,2,3731,8525
27047,MN,814,12289,27073
27049,MN,3101,27848,48816
27051,MN,733,3071,4380
27053,MN,216361,648239,938650
27055,MN,325,5686,7013
27057,MN,1547,15348,21421
27059,MN,1212,23655,42492
27061,MN,3625,24125,52757
27063,MN,213,4412,6161
27065,MN,1526,9797,20335
27067,MN,2106,31685,50562
27069,MN,529,7950,9976
27071,MN,739,6123,13421
27073,MN,453,7839,10451
27075,MN,425,7342,10547
27077,MN,120,1136,2137
27079,MN,1025,9549,18275
27081,MN,57,1171,2150
27083,MN,1440,18746,26598
27085,MN,1313,22559,38811
27087,MN,475,3439,6429
27089,MN,562,6477,8623
27091,MN,2777,12142,23003
27093,MN,1153,16089,27132
27095,MN,2554,20941,41476
27097,MN,1924,22296,37787
27099,MN,2031,12973,26085
27101,MN,425,3439,6337
27103,MN,3841,16940,24382
27105,MN,3670,18132,21680
27107,MN,379,3242,4927
27109,MN,6124,37735,66977
27111,MN,2088,32293,61054
27113,MN,558,7664,14648
27115,MN,454,9167,24062
27117,MN,2269,9466,12294
27119,MN,2275,26174,38783
27121,MN,89,2588,6514
27123,MN,75849,329047,488789
27125,MN,235,2568,4638
27127,MN,1488,13858,19448
27129,MN,2357,16550,20653
27131,MN,3296,40179,64683
27133,MN,637,6988,12489
27135,MN,372,7988,16044
27137,MN,12540,116719,193911
27139,MN,6690,49772,94223
27141,MN,4112,34722,65479
27143,MN,585,4019,8859
27145,MN,10717,84076,133348
27147,MN,644,6889,21956
27149,MN,267,3727,4889
27151,MN,684,6949,11937
27153,MN,1287,12374,21465
27155,MN,64,1824,3579
27157,MN,87,1642,6423
27159,MN,487,9013,20156
27161,MN,1155,8575,14118
27163,MN,15841,107993,175493
27165,MN,575,3956,8539
27167,MN,925,4649,7920
27169,MN,5131,18808,26387
27171,MN,3889,55438,110159
27173,MN,863,7131,10613
0,MS,5,2,0
28001,MS,7935,34456,52514
28003,MS,2651,28294,56935
28005,MS,1966,15978,24848
28007,MS,6070,27967,41255
28009,MS,1288,10452,17771
28011,MS,12078,48810,65459
28013,MS,2318,12789,25678
28015,MS,2869,11326,19627
28017,MS,5572,21538,34806
28019,MS,1226,7328,12064
28021,MS,3025,11634,16943
28023,MS,8623,29528,39234
28025,MS,3866,21548,35376
28027,MS,5408,31144,46288
28029,MS,6303,26172,43119
28031,MS,4967,30814,41077
28033,MS,12637,108925,200003
28035,MS,15147,66107,113140
28037,MS,737,8690,13794
28039,MS,2994,20865,31841
28041,MS,3202,13835,21140
28043,MS,6463,33029,47594
28045,MS,5685,34853,55928
28047,MS,13928,135303,242964
28049,MS,30001,174224,288357
28051,MS,11911,28167,37700
28053,MS,3277,12035,16565
28055,MS,533,2273,3220
28057,MS,4750,30763,51695
28059,MS,15172,102602,169192
28061,MS,3034,18821,27344
28063,MS,1701,10564,13540
28065,MS,2245,12961,19420
28067,MS,15415,66453,107324
28069,MS,3433,11271,17693
28071,MS,7039,45110,65007
28073,MS,6400,36557,58514
28075,MS,26307,94354,133685
28077,MS,2040,10193,20048
28079,MS,7150,28263,43084
28081,MS,12888,69123,109773
28083,MS,16695,46889,62284
28085,MS,11535,42166,57458
28087,MS,10061,57142,86656
28089,MS,17199,84641,120456
28091,MS,6954,32207,49528
28093,MS,4907,39855,63462
28095,MS,13455,52468,79647
28097,MS,3345,16717,28024
28099,MS,21552,67108,87010
28101,MS,4229,23638,35649
28103,MS,2977,12694,17572
28105,MS,9892,39034,59268
28107,MS,6211,40513,61385
28109,MS,11804,61726,100179
28111,MS,3333,15546,23142
28113,MS,9426,42971,67807
28115,MS,3513,29458,52953
28117,MS,3642,24227,37800
28119,MS,801,7039,11440
28121,MS,14295,112604,178586
28123,MS,5253,28689,42908
28125,MS,1974,6721,9415
28127,MS,7374,34548,54255
28129,MS,3291,13993,24747
28131,MS,1972,15321,26786
28133,MS,7676,34112,45232
28135,MS,3538,15955,22146
28137,MS,6715,32773,52695
28139,MS,4684,25723,39396
28141,MS,5487,27279,43633
28143,MS,2609,10659,17049
28145,MS,4397,29313,44441
28147,MS,4404,18302,29028
28149,MS,9156,49514,74788
28151,MS,14002,51862,72594
28153,MS,4147,18503,31297
28155,MS,2729,12930,25150
28157,MS,3890,11683,16532
28159,MS,4050,30229,37529
28161,MS,3368,14916,21004
28163,MS,5286,27315,39290
0,MO,2127,31,0
29001,MO,138,8573,22725
29003,MO,869,8187,20188
29005,MO,186,2676,7677
29007,MO,1366,21871,39980
29009,MO,2136,19696,46123
29011,MO,396,7089,18455
29013,MO,843,12182,32865
29015,MO,885,13743,36714
29017,MO,624,5962,14111
29019,MO,2531,39952,91040
29021,MO,6113,58628,111628
29023,MO,1051,20722,59659
29025,MO,250,5712,13480
29027,MO,1055,20440,45771
29029,MO,4368,36876,64914
29031,MO,6193,52303,87441
29033,MO,523,9218,15987
29035,MO,578,4159,8421
29037,MO,4957,45756,110364
29039,MO,448,8651,19556
29041,MO,47,3483,13220
29043,MO,2091,42551,92608
29045,MO,201,3867,12136
29047,MO,8405,65916,128395
29049,MO,2924,25644,42432
29051,MO,4435,52699,101956
29053,MO,744,11142,27271
29055,MO,1080,15964,36801
29057,MO,387,6618,15059
29059,MO,706,12189,25970
29061,MO,521,4434,10070
29063,MO,909,11355,16352
29065,MO,382,9614,29032
29067,MO,1330,12679,28546
29069,MO,1745,16454,42221
29071,MO,9036,69372,124119
29073,MO,2635,17620,35181
29075,MO,2079,8022,11469
29077,MO,17172,198474,369931
29079,MO,1266,14214,24356
29081,MO,334,5506,11655
29083,MO,1450,15478,29965
29085,MO,490,6736,20139
29087,MO,298,5231,10518
29089,MO,235,3356,9418
29091,MO,2069,23655,76032
29093,MO,38,3520,15322
29095,MO,52177,428193,791695
29097,MO,11850,101963,178592
29099,MO,12899,99039,229976
29101,MO,1578,22540,50793
29103,MO,107,1158,4677
29105,MO,2627,33584,63547
29107,MO,2757,22683,46256
29109,MO,2857,33363,59498
29111,MO,391,6250,12961
29113,MO,1041,19215,49161
29115,MO,819,7797,23412
29117,MO,1099,18106,34762
29119,MO,1994,12568,24720
29121,MO,219,6701,19314
29123,MO,544,7246,20156
29125,MO,214,4277,13087
29127,MO,1885,20101,43183
29129,MO,37,1078,4751
29131,MO,1959,23240,42804
29133,MO,660,11431,20609
29135,MO,1405,12299,20211
29137,MO,271,4937,15489
29139,MO,398,5699,20316
29141,MO,951,17781,39092
29143,MO,2586,18022,30519
29145,MO,3522,34981,73157
29147,MO,1183,9863,16177
29149,MO,78,2840,12072
29151,MO,420,6705,16060
29153,MO,190,8162,20164
29155,MO,2436,13612,27014
29157,MO,1309,10992,16592
29159,MO,3285,31786,58050
29161,MO,3810,53334,86820
29163,MO,960,10690,22570
29165,MO,2277,18548,36159
29167,MO,1125,15460,38543
29169,MO,1727,21982,41708
29171,MO,154,2350,8404
29173,MO,132,4798,9333
29175,MO,693,13205,37080
29177,MO,353,12746,33454
29179,MO,123,1701,8873
29181,MO,494,7430,22137
29183,MO,29549,178889,327718
29185,MO,145,3956,12130
29186,MO,335,7295,14053
29187,MO,3979,47659,104418
29189,MO,178331,703177,1119069
29195,MO,1878,16041,37361
29197,MO,39,2799,9337
29199,MO,241,1774,6512
29201,MO,4880,34055,57409
29203,MO,653,5352,13681
29205,MO,125,2834,5390
29207,MO,2946,19386,46802
29209,MO,1452,21085,43226
29211,MO,413,5152,7787
29213,MO,4694,41347,80731
29215,MO,698,11633,35832
29217,MO,622,18639,38871
29219,MO,289,11750,36771
29221,MO,2276,20986,49473
29223,MO,242,5783,18729
29225,MO,2081,25264,52947
29227,MO,14,652,1182
29229,MO,979,14145,29331
29510,MO,45327,168769,275691
0,MT,543,62,0
30001,MT,321,4575,10656
30003,MT,5208,27749,35539
30005,MT,1070,8923,11634
30007,MT,58,2936,7427
30009,MT,317,5957,10186
30011,MT,204,1817,1825
30013,MT,4718,69030,124421
30015,MT,131,2425,5208
30017,MT,608,7831,17635
30019,MT,257,2842,3285
30021,MT,871,12392,20885
30023,MT,566,6531,10683
30025,MT,41,1227,3738
30027,MT,454,11607,20716
30029,MT,3765,43374,101770
30031,MT,1788,24224,44781
30033,MT,85,864,1095
30035,MT,1427,15763,26535
30037,MT,0,879,1825
30039,MT,65,984,3253
30041,MT,2116,17784,26429
30043,MT,62,3442,8790
30045,MT,0,343,365
30047,MT,865,15733,36588
30049,MT,1402,33649,67585
30051,MT,56,432,1357
30053,MT,839,10669,32098
30055,MT,0,673,3272
30057,MT,359,3344,7766
30059,MT,514,2693,3707
30061,MT,0,1812,6102
30063,MT,2765,40709,76925
30065,MT,323,4886,10745
30067,MT,155,7246,13026
30069,MT,34,365,365
30071,MT,417,6523,10379
30073,MT,173,1431,2975
30075,MT,372,2683,3650
30077,MT,175,4475,10692
30079,MT,60,730,1176
30081,MT,1026,18821,57647
30083,MT,682,6507,12557
30085,MT,2847,20329,26887
30087,MT,2501,17858,22086
30089,MT,218,6026,18009
30091,MT,136,2132,4227
30093,MT,1420,32178,47878
30095,MT,534,6132,11356
30097,MT,375,2573,4367
30099,MT,159,2836,8770
30101,MT,1718,4378,8756
30103,MT,69,365,365
30105,MT,422,6723,13583
30107,MT,334,3222,5071
30109,MT,145,2266,2920
30111,MT,13262,108303,202606
0,NE,351,88763,796058
31001,NE,3408,15850,16790
31003,NE,252,2394,2555
31005,NE,0,318,365
31007,NE,0,0,0
31009,NE,0,0,0
31011,NE,92,1500,1460
31013,NE,349,3009,2920
31015,NE,112,1095,1095
31017,NE,47,730,730
31019,NE,2762,20554,20805
31021,NE,235,4213,4380
31023,NE,415,4026,4015
31025,NE,670,5796,5840
31027,NE,226,4044,4015
31029,NE,143,1659,1825
31031,NE,459,2447,2555
31033,NE,329,5907,5840
31035,NE,231,3985,4015
31037,NE,1489,7532,7665
31039,NE,365,4841,5475
31041,NE,1337,6735,6935
31043,NE,9303,22798,23725
31045,NE,803,5221,4380
31047,NE,2839,11103,11315
31049,NE,0,417,365
31051,NE,502,3162,3285
31053,NE,3562,21599,22630
31055,NE,43761,248836,262070
31057,NE,232,1460,1460
31059,NE,422,3098,2920
31061,NE,107,1365,1460
31063,NE,58,365,365
31065,NE,398,1728,1825
31067,NE,1256,6724,6935
31069,NE,0,365,365
31071,NE,135,622,365
31073,NE,52,1738,1825
31075,NE,89,1450,1460
31077,NE,20,494,365
31079,NE,12813,41770,42705
31081,NE,2901,6084,6205
31083,NE,0,0,0
31085,NE,0,0,0
31087,NE,80,1660,1825
31089,NE,599,5726,5840
31091,NE,94,730,730
31093,NE,1169,4443,3650
31095,NE,3,365,365
31097,NE,144,3140,3285
31099,NE,100,1778,1825
31101,NE,48,3154,3650
31103,NE,0,0,0
31105,NE,123,1201,365
31107,NE,150,4204,4380
31109,NE,8060,60146,7650
31111,NE,1582,20287,21900
31113,NE,0,0,0
31115,NE,0,0,0
31117,NE,0,354,365
31119,NE,2403,15702,16060
31121,NE,404,5288,5475
31123,NE,281,3585,2555
31125,NE,187,3634,3650
31127,NE,170,5260,5475
31129,NE,40,3085,4015
31131,NE,152,3224,3650
31133,NE,20,365,365
31135,NE,1394,4015,4015
31137,NE,307,3505,3650
31139,NE,1325,7289,7300
31141,NE,2105,17778,18250
31143,NE,581,3285,3285
31145,NE,215,5037,5475
31147,NE,561,6684,6935
31149,NE,144,730,730
31151,NE,491,859,730
31153,NE,5812,44848,47815
31155,NE,856,5577,5840
31157,NE,2413,22975,17520
31159,NE,948,11047,11680
31161,NE,335,4576,3650
31163,NE,341,1460,1460
31165,NE,0,0,0
31167,NE,122,3699,4015
31169,NE,93,1404,1460
31171,NE,0,340,365
31173,NE,796,3950,4015
31175,NE,127,857,730
31177,NE,1074,8533,9125
31179,NE,277,2567,2555
31181,NE,156,2235,2555
31183,NE,0,0,0
31185,NE,360,3745,4015
0,NV,1015,0,0
32001,NV,1389,20221,40774
32003,NV,264607,1724767,3053296
32005,NV,461,15385,33312
32007,NV,2122,25965,50921
32009,NV,0,168,1318
32011,NV,0,85,635
32013,NV,1104,6888,20810
32015,NV,413,3934,7394
32017,NV,57,1116,2871
32019,NV,2152,28149,63250
32021,NV,153,3012,6347
32023,NV,3207,42700,95931
32027,NV,76,7787,11010
32029,NV,57,1338,4355
32031,NV,39206,269557,441864
32033,NV,224,3019,7589
32510,NV,1640,38269,79138
0,NH,44,1909,10998
33001,NH,1793,38231,65662
33003,NH,286,4764,22191
33005,NH,747,13420,41223
33007,NH,459,16563,41665
33009,NH,396,9676,25562
33011,NH,65676,231804,334554
33013,NH,6005,43207,84988
33015,NH,23498,95719,199180
33017,NH,3452,35054,77639
33019,NH,402,9824,25183
0,NJ,354,3197,3163
34001,NJ,58333,237040,367235
34003,NJ,495222,1023602,1270237
34005,NJ,112161,305545,449864
34007,NJ,136790,463407,666167
34009,NJ,21400,72998,111987
34011,NJ,35235,150794,223123
34013,NJ,514092,1062796,1317392
34015,NJ,53540,223767,353385
34017,NJ,363412,805073,996604
34019,NJ,27434,62580,100470
34021,NJ,147763,339825,462606
34023,NJ,333431,829805,1050997
34025,NJ,202671,568657,803144
34027,NJ,198340,438986,569875
34029,NJ,246376,755098,1094174
34031,NJ,296100,679066,855117
34033,NJ,19007,61849,91367
34035,NJ,135637,300339,358250
34037,NJ,46749,108217,176094
34039,NJ,326694,698246,865882
34041,NJ,40282,84700,125763
0,NM,44,28,115
35001,NM,44978,355647,693478
35003,NM,290,2097,6333
35005,NM,4091,63336,120080
35006,NM,5513,44571,70230
35007,NM,496,16525,23718
35009,NM,2096,32434,74580
35011,NM,0,651,2023
35013,NM,16761,171986,295348
35015,NM,3794,54914,105867
35017,NM,652,15023,34167
35019,NM,208,4328,6241
35021,NM,0,466,1460
35023,NM,376,3544,5412
35025,NM,4852,72440,131368
35027,NM,767,8449,24207
35028,NM,0,2418,6488
35029,NM,2454,31388,48477
35031,NM,53207,172663,218737
35033,NM,10,2907,6790
35035,NM,3193,30555,70701
35037,NM,511,4748,21060
35039,NM,2729,27687,50896
35041,NM,1297,21457,36402
35043,NM,11464,86462,160213
35045,NM,45408,179697,284077
35047,NM,91,6507,23394
35049,NM,3196,54982,111954
35051,NM,774,18496,28247
35053,NM,2751,21311,32781
35055,NM,1663,20252,33918
35057,NM,300,5697,20127
35059,NM,449,3621,6079
35061,NM,2473,43769,101123
0,NY,114989,114638,173585
36001,NY,30203,129294,195186
36003,NY,3677,33271,56849
36005,NY,1236752,2329107,2853940
36007,NY,21916,133009,194286
36009,NY,2908,35896,82269
36011,NY,991,34297,56674
36013,NY,1210,52631,110068
36015,NY,3756,51427,85980
36017,NY,1631,27908,44814
36019,NY,1194,12113,34295
36021,NY,11833,37095,53881
36023,NY,683,24414,44181
36025,NY,1131,14124,27961
36027,NY,40041,162321,243841
36029,NY,159247,651417,973905
36031,NY,1676,10319,22797
36033,NY,477,5466,17028
36035,NY,6347,33252,62046
36037,NY,2046,45282,69974
36039,NY,3443,28177,47719
36041,NY,239,826,1798
36043,NY,2051,40418,71134
36045,NY,313,25395,50877
36047,NY,1841755,3690070,4738039
36049,NY,1500,12496,18231
36051,NY,1685,22317,43635
36053,NY,2997,33509,47437
36055,NY,64821,395427,594967
36057,NY,2290,45454,76196
36059,NY,566728,1136935,1428329
36061,NY,794894,1582005,2022311
36063,NY,22411,130744,213627
36065,NY,28356,189689,294335
36067,NY,44373,250561,393896
36069,NY,6641,35467,67738
36071,NY,103462,259648,352748
36073,NY,12481,30676,42811
36075,NY,1359,35769,71442
36077,NY,1185,17389,33667
36079,NY,16094,33429,46174
36081,NY,1797882,3523613,4394614
36083,NY,10038,54040,97891
36085,NY,274638,651773,867290
36087,NY,131518,269737,331318
36089,NY,1674,37517,70900
36091,NY,4285,62239,125862
36093,NY,10828,73361,115235
36095,NY,593,6313,13260
36097,NY,297,5331,9911
36099,NY,655,21013,33450
36101,NY,12649,55967,92449
36103,NY,503720,1219642,1629873
36105,NY,8972,26768,48084
36107,NY,6636,23147,31168
36109,NY,262,18545,32035
36111,NY,21121,92495,135660
36113,NY,7213,24043,47742
36115,NY,3437,20905,43437
36117,NY,1542,27238,66125
36119,NY,370995,813150,1003926
36121,NY,1412,19458,30931
36123,NY,1496,9656,14447
0,NC,82,43,0
37001,NC,13479,101733,178317
37003,NC,1579,32389,51396
37005,NC,99,1809,5660
37007,NC,1454,22106,36421
37009,NC,605,15903,29151
37011,NC,486,8975,16338
37013,NC,4855,37116,61949
37015,NC,2639,16180,25390
37017,NC,2653,21861,47234
37019,NC,6629,62014,120540
37021,NC,16980,123180,215655
37023,NC,8905,61624,118536
37025,NC,15111,98967,180671
37027,NC,3228,45183,112169
37029,NC,508,2292,3373
37031,NC,1556,20343,45119
37033,NC,846,10492,18081
37035,NC,10909,119851,218224
37037,NC,12297,31596,42625
37039,NC,1840,15509,44179
37041,NC,1438,11429,21572
37043,NC,420,7949,16362
37045,NC,11863,89131,144114
37047,NC,12137,61623,98519
37049,NC,7945,47558,76897
37051,NC,16591,125889,232685
37053,NC,513,6725,13130
37055,NC,570,3714,9621
37057,NC,7744,78388,156311
37059,NC,1536,17085,38287
37061,NC,10278,53322,88576
37063,NC,20416,83143,122669
37065,NC,8268,40583,56118
37067,NC,20422,156355,302257
37069,NC,6904,19235,28917
37071,NC,19206,169995,309910
37073,NC,802,5132,7283
37075,NC,872,6187,11142
37077,NC,8921,31472,42797
37079,NC,2112,17034,24689
37081,NC,40019,257601,447064
37083,NC,3982,41585,67822
37085,NC,12104,69582,123663
37087,NC,5271,39280,79362
37089,NC,14532,60683,115534
37091,NC,5152,23439,31791
37093,NC,3544,22652,42976
37095,NC,559,3350,4973
37097,NC,6290,87555,171811
37099,NC,1367,20670,34919
37101,NC,12234,89100,163957
37103,NC,2078,9341,14998
37105,NC,3626,30787,55626
37107,NC,6211,46593,81147
37109,NC,2376,31173,63711
37111,NC,4575,28872,63281
37113,NC,828,15886,43426
37115,NC,880,16467,29508
37117,NC,2512,17959,33446
37119,NC,68658,368013,601124
37121,NC,619,6133,13672
37123,NC,5461,34336,47659
37125,NC,7469,71725,120215
37127,NC,10011,70962,115285
37129,NC,6658,71910,145942
37131,NC,4308,19285,30953
37133,NC,4780,64166,139264
37135,NC,12317,36446,49581
37137,NC,408,5535,11215
37139,NC,5827,31652,45210
37141,NC,1751,26859,47367
37143,NC,681,4002,8208
37145,NC,1478,26058,39578
37147,NC,5849,38317,81769
37149,NC,1876,11992,22587
37151,NC,11785,89382,161015
37153,NC,4198,38926,69947
37155,NC,15471,107076,197612
37157,NC,2623,50431,105609
37159,NC,19300,124022,214018
37161,NC,7987,86829,146525
37163,NC,5209,40951,66523
37165,NC,3654,32487,48857
37167,NC,9297,52013,95778
37169,NC,1534,30674,65041
37171,NC,4777,64201,128837
37173,NC,632,6966,16297
37175,NC,1115,12491,27616
37177,NC,414,2232,3048
37179,NC,11789,89874,178144
37181,NC,10055,32563,44405
37183,NC,43431,262548,416683
37185,NC,1381,8010,16325
37187,NC,1423,11471,18228
37189,NC,627,11844,24234
37191,NC,14828,91906,147826
37193,NC,6236,47674,97818
37195,NC,10917,67310,115571
37197,NC,2046,20408,43545
37199,NC,187,9900,20926
0,ND,2,2,0
38001,ND,30,1272,3590
38003,ND,875,11852,16917
38005,ND,1328,6992,8321
38007,ND,0,48,365
38009,ND,1535,7442,9378
38011,ND,229,2028,3285
38013,ND,133,796,1095
38015,ND,10942,75424,109765
38017,ND,20183,79045,119988
38019,ND,177,1816,2555
38021,ND,1562,12156,14201
38023,ND,121,794,1439
38025,ND,526,2555,2909
38027,ND,409,2190,2190
38029,ND,947,4893,6479
38031,ND,731,6935,8221
38033,ND,0,1151,1460
38035,ND,4110,29467,44863
38037,ND,405,2618,4005
38039,ND,180,730,730
38041,ND,214,1650,2854
38043,ND,387,3766,4745
38045,ND,986,6201,7220
38047,ND,348,3473,4332
38049,ND,1489,8366,11194
38051,ND,661,2690,3285
38053,ND,634,5496,9059
38055,ND,1268,12170,17836
38057,ND,449,4217,8690
38059,ND,6444,37929,51509
38061,ND,1049,7367,13253
38063,ND,595,5351,6521
38065,ND,136,1036,1772
38067,ND,341,4193,5835
38069,ND,635,9305,11570
38071,ND,888,11625,20320
38073,ND,488,6377,10035
38075,ND,425,5012,5475
38077,ND,744,6476,8277
38079,ND,1294,10732,15407
38081,ND,296,2534,3285
38083,ND,110,893,2517
38085,ND,691,4725,6915
38087,ND,0,0,0
38089,ND,3860,20149,31087
38091,ND,71,730,730
38093,ND,3075,29894,35189
38095,ND,584,3995,4347
38097,ND,772,6760,9254
38099,ND,900,9684,12405
38101,ND,8749,73577,90951
38103,ND,205,3076,4305
38105,ND,2029,15370,24691
0,OH,0,1088,1841
39001,OH,1132,22341,54017
39003,OH,14806,88885,172328
39005,OH,2208,37014,79250
39007,OH,11222,63461,155091
39009,OH,601,21484,51427
39011,OH,3518,33171,67044
39013,OH,5952,59855,111292
39015,OH,738,23994,65278
39017,OH,21461,216329,417833
39019,OH,1506,17922,45630
39021,OH,956,21748,53036
39023,OH,11005,117651,208894
39025,OH,5921,93476,201589
39027,OH,2399,26383,60358
39029,OH,18193,85753,175085
39031,OH,1891,23446,57767
39033,OH,2322,40968,77150
39035,OH,132321,773360,1375096
39037,OH,9779,48817,85802
39039,OH,3231,36542,59769
39041,OH,5792,50703,98141
39043,OH,9846,61641,97114
39045,OH,9196,74494,155042
39047,OH,1629,18653,43867
39049,OH,125392,519789,939757
39051,OH,1951,28303,64503
39053,OH,1801,19248,45202
39055,OH,10746,52289,97074
39057,OH,7804,94419,184913
39059,OH,1706,20192,55136
39061,OH,67262,433235,748316
39063,OH,4177,49002,99571
39065,OH,3121,24730,56831
39067,OH,395,13628,27033
39069,OH,2549,24401,38850
39071,OH,1403,25879,65500
39073,OH,2312,22969,44445
39075,OH,3411,38726,66393
39077,OH,2388,43701,80246
39079,OH,1242,22392,50819
39081,OH,1772,57814,115778
39083,OH,2549,40893,83674
39085,OH,10924,136710,267623
39087,OH,3786,40541,91834
39089,OH,11861,85142,173154
39091,OH,1203,28549,61916
39093,OH,20745,178039,355006
39095,OH,84555,302009,512229
39097,OH,3033,23335,48725
39099,OH,62835,219636,395874
39101,OH,11304,53852,97678
39103,OH,10181,98536,183766
39105,OH,1377,15127,32262
39107,OH,5787,33144,50779
39109,OH,11892,84516,173985
39111,OH,4073,16549,29030
39113,OH,31771,377355,729317
39115,OH,687,10644,21320
39117,OH,414,15119,37198
39119,OH,1153,50931,106967
39121,OH,1301,15073,21004
39123,OH,6091,28674,50999
39125,OH,800,14592,26602
39127,OH,1610,18872,45440
39129,OH,10438,43323,82138
39131,OH,168,15337,43542
39133,OH,16550,76809,162057
39135,OH,2487,36641,71665
39137,OH,6398,37423,56572
39139,OH,4737,82906,185195
39141,OH,5947,59786,109329
39143,OH,5039,45617,86460
39145,OH,1842,43266,92708
39147,OH,2575,45063,83796
39149,OH,2055,33698,68159
39151,OH,38508,332765,620574
39153,OH,62102,365260,620660
39155,OH,27815,178134,340529
39157,OH,7237,95876,182097
39159,OH,862,18771,37254
39161,OH,1436,24446,53064
39163,OH,770,7223,20134
39165,OH,11832,112139,212664
39167,OH,5770,40490,76628
39169,OH,17373,84965,158882
39171,OH,1477,29426,59063
39173,OH,17978,73930,130539
39175,OH,2607,21125,37860
0,OK,113163,720824,1087307
40001,OK,2013,15581,25429
40003,OK,70,2467,4640
40005,OK,170,8855,16219
40007,OK,114,2300,3641
40009,OK,1392,19990,33179
40011,OK,194,6862,13959
40013,OK,1874,28516,45015
40015,OK,4893,33490,56323
40017,OK,3759,66720,126843
40019,OK,1678,43470,79940
40021,OK,1384,28055,50218
40023,OK,466,10377,21427
40025,OK,13,585,1738
40027,OK,18425,155331,265019
40029,OK,100,5635,8120
40031,OK,3860,74356,131144
40033,OK,728,6158,10273
40035,OK,301,7408,16278
40037,OK,6295,63206,110296
40039,OK,1099,35616,54848
40041,OK,6052,37390,67543
40043,OK,155,4669,9622
40045,OK,5,1760,3066
40047,OK,3841,49166,93508
40049,OK,1414,27047,45615
40051,OK,2784,45593,79754
40053,OK,279,2535,4452
40055,OK,1994,7485,11795
40057,OK,0,1766,3445
40059,OK,186,2536,4022
40061,OK,685,6639,12948
40063,OK,788,10660,19466
40065,OK,2811,21639,35527
40067,OK,108,5510,8446
40069,OK,534,12425,18830
40071,OK,3464,44375,70629
40073,OK,556,14028,22736
40075,OK,608,9523,17481
40077,OK,510,4992,10819
40079,OK,2887,23861,36326
40081,OK,2649,27917,46711
40083,OK,464,24083,51489
40085,OK,150,7553,13027
40087,OK,1992,26672,44876
40089,OK,6247,34027,54128
40091,OK,1336,22216,40260
40093,OK,412,7767,13367
40095,OK,336,7720,13626
40097,OK,2563,27728,53457
40099,OK,401,14234,24394
40101,OK,5053,64386,112758
40103,OK,510,7445,13287
40105,OK,620,7444,13120
40107,OK,1126,11419,20079
40109,OK,41925,461072,808631
40111,OK,1796,31749,61892
40113,OK,3286,30351,54750
40115,OK,2120,25876,41839
40117,OK,1047,17810,27534
40119,OK,1948,28022,53324
40121,OK,3034,30520,69130
40123,OK,1241,26969,47261
40125,OK,2841,47078,88394
40127,OK,529,8749,15552
40129,OK,445,3899,5092
40131,OK,8489,71350,125495
40133,OK,1504,26146,44284
40135,OK,2062,20675,36228
40137,OK,1563,36814,64674
40139,OK,2049,11739,17358
40141,OK,607,6491,10927
40143,OK,37444,416263,718029
40145,OK,6410,48432,89495
40147,OK,10076,47498,85208
40149,OK,133,7416,15942
40151,OK,120,6334,12066
40153,OK,637,12419,23969
0,OR,37,0,278757
41001,OR,373,6528,16511
41003,OR,1607,8600,23208
41005,OR,12422,89645,205173
41007,OR,47,5475,16381
41009,OR,413,12042,31794
41011,OR,188,18639,53206
41013,OR,484,10715,27360
41015,OR,149,5544,18208
41017,OR,2078,34579,94712
41019,OR,1636,47473,135935
41021,OR,23,755,1772
41023,OR,43,2581,7119
41025,OR,45,5061,13391
41027,OR,257,11682,15205
41029,OR,2451,70342,181346
41031,OR,1393,15207,31152
41033,OR,823,40395,115813
41035,OR,709,30344,74689
41037,OR,76,3277,9277
41039,OR,4735,73273,177573
41041,OR,2222,10103,28422
41043,OR,3582,33075,90639
41045,OR,4997,24443,38679
41047,OR,21325,129130,247587
41049,OR,893,6394,11621
41051,OR,34612,228221,403350
41053,OR,3490,22728,45671
41055,OR,0,534,1681
41057,OR,0,5030,21528
41059,OR,7019,39346,74966
41061,OR,653,11259,27189
41063,OR,279,2571,5659
41065,OR,1852,11949,21291
41067,OR,13188,97010,196533
41069,OR,2,375,1070
41071,OR,3386,32061,74663
0,PA,0,0,0
42001,PA,6260,67982,135540
42003,PA,84277,729616,1232998
42005,PA,4425,55986,127291
42007,PA,28793,147147,273246
42009,PA,3280,53444,100240
42011,PA,94306,370718,588426
42013,PA,6644,124184,227622
42015,PA,2954,35634,76059
42017,PA,147576,469298,703992
42019,PA,8697,155428,273539
42021,PA,6660,162327,269458
42023,PA,54,3202,7384
42025,PA,8491,62826,109327
42027,PA,5835,82177,129823
42029,PA,85695,292543,429959
42031,PA,1363,36666,74913
42033,PA,1483,56680,127725
42035,PA,1554,24365,46814
42037,PA,9437,49787,90693
42039,PA,2049,58975,118231
42041,PA,21976,195045,327108
42043,PA,39636,204814,354041
42045,PA,173261,499826,687064
42047,PA,662,16070,37542
42049,PA,9567,156054,285202
42051,PA,3323,120696,247313
42053,PA,120,7777,12782
42055,PA,15484,139600,256808
42057,PA,650,7430,23822
42059,PA,415,15957,38591
42061,PA,4215,50595,91566
42063,PA,4901,68856,131885
42065,PA,1046,37769,86591
42067,PA,2229,34256,65233
42069,PA,51606,170441,286351
42071,PA,105056,424606,695191
42073,PA,7455,81025,153437
42075,PA,15665,106383,188710
42077,PA,80649,308990,459071
42079,PA,51444,297913,508843
42081,PA,7078,107886,194779
42083,PA,628,27172,53496
42085,PA,5833,100941,183618
42087,PA,3141,66618,102108
42089,PA,31569,115535,194211
42091,PA,208894,617632,861980
42093,PA,1520,23414,33750
42095,PA,71280,258766,405748
42097,PA,14266,131524,197466
42099,PA,1733,36844,67795
42101,PA,424284,1317635,1869521
42103,PA,5575,19893,36068
42105,PA,367,11256,33845
42107,PA,19389,150625,250439
42109,PA,2265,31976,57487
42111,PA,1951,78836,148833
42113,PA,101,7254,13044
42115,PA,6387,22313,41074
42117,PA,1948,41226,71833
42119,PA,1825,32874,55880
42121,PA,966,39423,89017
42123,PA,494,40155,78229
42125,PA,7646,115440,239919
42127,PA,2488,30671,63578
42129,PA,22956,284669,509322
42131,PA,2635,19140,39766
42133,PA,33573,304261,551312
0,RI,19894,6694,5190
44001,RI,4330,50425,64192
44003,RI,24558,128118,186608
44005,RI,887,13996,32751
44007,RI,190260,709488,926768
44009,RI,15093,59706,85376
0,SC,254,0,0
45001,SC,2410,15003,24627
45003,SC,13599,91314,156657
45005,SC,1319,5955,8680
45007,SC,28687,205676,355273
45009,SC,5140,19739,26902
45011,SC,3030,22694,36670
45013,SC,14509,83142,135791
45015,SC,16123,83936,160078
45017,SC,2679,14681,21884
45019,SC,43991,199896,335765
45021,SC,7921,63353,114891
45023,SC,4150,30442,54142
45025,SC,7011,41202,68170
45027,SC,13916,41936,57001
45029,SC,8285,50858,79392
45031,SC,10418,67553,110648
45033,SC,7010,33076,51560
45035,SC,14815,92900,176230
45037,SC,3043,16314,25222
45039,SC,7160,29746,38507
45041,SC,33217,160226,226603
45043,SC,8167,53862,81040
45045,SC,58586,395423,711091
45047,SC,10535,65258,108302
45049,SC,4274,20417,30746
45051,SC,38338,236002,412845
45053,SC,3479,19925,33510
45055,SC,8652,55396,92692
45057,SC,9068,64477,101026
45059,SC,9881,64865,105299
45061,SC,7085,23334,34048
45063,SC,32772,193165,311451
45065,SC,1091,9660,14182
45067,SC,5814,40978,58687
45069,SC,2144,22285,37516
45071,SC,6335,41284,68735
45073,SC,4811,56865,121413
45075,SC,19454,95519,149463
45077,SC,10138,122002,224377
45079,SC,45876,219475,338084
45081,SC,3249,17629,27557
45083,SC,37210,319814,552716
45085,SC,14899,80914,139952
45087,SC,2689,31092,53181
45089,SC,8136,37975,52512
45091,SC,15392,145265,238882
0,SD,12,36,0
46003,SD,291,5515,6265
46005,SD,3115,15158,21781
46007,SD,502,3263,5071
46009,SD,958,10057,14164
46011,SD,1273,13520,19767
46013,SD,2128,33802,44373
46015,SD,341,3713,8016
46017,SD,847,4942,6478
46019,SD,916,8614,16609
46021,SD,95,1501,2530
46023,SD,333,8219,12764
46025,SD,77,1761,3516
46027,SD,975,5627,8110
46029,SD,3209,29671,36733
46031,SD,338,4478,6222
46033,SD,535,4939,9327
46035,SD,2308,24024,29186
46037,SD,633,10515,12817
46039,SD,208,3387,4555
46041,SD,315,10103,15550
46043,SD,425,3376,5797
46045,SD,158,4700,5871
46047,SD,772,6409,14377
46049,SD,617,4963,6026
46051,SD,859,15171,18382
46053,SD,1430,10799,12350
46055,SD,252,3710,4320
46057,SD,844,14221,14926
46059,SD,109,2162,4347
46061,SD,156,1502,2165
46063,SD,4,448,1095
46065,SD,1493,14856,21649
46067,SD,643,9805,13250
46069,SD,4,580,2768
46071,SD,534,5398,7601
46073,SD,1193,5974,7254
46075,SD,0,73,698
46077,SD,595,6081,8076
46079,SD,1294,6982,10042
46081,SD,1493,18306,30682
46083,SD,3451,28081,36398
46085,SD,820,3918,5182
46087,SD,1042,9077,11385
46089,SD,58,1734,3650
46091,SD,202,2244,4782
46093,SD,1346,12923,23344
46095,SD,87,841,2729
46097,SD,284,3555,4924
46099,SD,23365,131491,188774
46101,SD,639,6938,10163
46102,SD,1692,17980,22089
46103,SD,9633,76594,125912
46105,SD,192,5097,6615
46107,SD,70,1443,2674
46109,SD,1283,14709,19129
46111,SD,119,1095,2480
46115,SD,872,9579,12854
46117,SD,54,824,2625
46119,SD,130,1095,1095
46121,SD,1375,11526,18457
46123,SD,399,6264,9067
46125,SD,2683,20703,22748
46127,SD,2077,15352,18909
46129,SD,793,5777,9330
46135,SD,1193,12180,20961
46137,SD,369,3338,4015
0,TN,8576,85134,486969
47001,TN,3123,65448,118244
47003,TN,4206,48806,84124
47005,TN,1758,16095,32929
47007,TN,721,5044,19783
47009,TN,6255,76496,152870
47011,TN,4324,59314,146459
47013,TN,1900,24412,58600
47015,TN,331,12162,22086
47017,TN,3653,31988,55525
47019,TN,5760,63292,118700
47021,TN,1990,20564,42354
47023,TN,2086,20432,34567
47025,TN,975,29010,62995
47027,TN,1538,11576,17774
47029,TN,2553,36231,76513
47031,TN,3705,47258,94317
47033,TN,3210,18967,30409
47035,TN,3908,56305,116282
47037,TN,61269,356793,594843
47039,TN,1408,14126,24356
47041,TN,2299,21198,36151
47043,TN,3264,45927,87420
47045,TN,4708,42154,71467
47047,TN,4041,31081,64749
47049,TN,1565,18904,44988
47051,TN,3168,33181,64415
47053,TN,6155,57014,92262
47055,TN,4763,37767,67024
47057,TN,1124,19431,38845
47059,TN,7410,64544,131682
47061,TN,1463,12597,26088
47063,TN,6615,64652,125834
47065,TN,20549,194954,405312
47067,TN,437,5090,12581
47069,TN,4718,24977,41523
47071,TN,3271,25795,50965
47073,TN,4007,45686,112328
47075,TN,3550,23424,36069
47077,TN,3441,29961,55754
47079,TN,1928,28256,56399
47081,TN,1749,19456,39189
47083,TN,1639,12985,21880
47085,TN,915,11734,26121
47087,TN,1016,13056,22257
47089,TN,3310,46533,94017
47091,TN,1520,15123,32372
47093,TN,17210,254450,486277
47095,TN,614,10204,15084
47097,TN,2809,18679,36905
47099,TN,3557,36091,70992
47101,TN,950,10774,21011
47103,TN,1220,25870,59720
47105,TN,1872,28052,67970
47107,TN,6916,39444,91372
47109,TN,3460,21212,41872
47111,TN,4029,28977,51688
47113,TN,11920,93988,151996
47115,TN,2049,18324,46635
47117,TN,1833,24045,43992
47119,TN,6338,67675,121358
47121,TN,948,9053,20193
47123,TN,4558,37469,85713
47125,TN,9160,92912,204640
47127,TN,268,6522,14207
47129,TN,789,14169,29875
47131,TN,4196,36549,68007
47133,TN,2638,23939,44274
47135,TN,1244,10853,19484
47137,TN,1059,8620,12626
47139,TN,1782,9355,25367
47141,TN,9094,68001,108883
47143,TN,2890,29607,56654
47145,TN,2116,42954,82715
47147,TN,6919,53167,107022
47149,TN,20769,166460,320738
47151,TN,798,18056,41269
47153,TN,517,10866,24351
47155,TN,3920,72101,147273
47157,TN,96757,650345,1174866
47159,TN,2127,15136,29570
47161,TN,1223,10575,20523
47163,TN,9662,121188,253207
47165,TN,22656,131608,258234
47167,TN,4237,40319,82416
47169,TN,1734,8204,16122
47171,TN,1608,19579,34155
47173,TN,497,13385,26746
47175,TN,226,8320,17253
47177,TN,1944,33226,62833
47179,TN,9007,97651,175346
47181,TN,1076,12611,23992
47183,TN,3610,25853,52435
47185,TN,2328,27779,46386
47187,TN,9791,82773,143593
47189,TN,10046,95124,172769
0,TX,0,0,420199
48001,TX,6726,52609,87531
48003,TX,2147,18237,26164
48005,TX,16386,114495,175464
48007,TX,3133,17268,31451
48009,TX,258,5274,10157
48011,TX,289,2406,3443
48013,TX,6613,59684,84506
48015,TX,1771,14667,27398
48017,TX,1097,7599,13894
48019,TX,1369,13460,27933
48021,TX,6137,43810,85948
48023,TX,410,5587,11613
48025,TX,5680,32356,55485
48027,TX,17653,186838,326700
48029,TX,243232,1449332,2235959
48031,TX,1020,8150,12325
48033,TX,0,676,730
48035,TX,1747,14873,25537
48037,TX,14317,90563,156528
48039,TX,31469,216030,359925
48041,TX,15757,101101,150772
48043,TX,848,6409,10868
48045,TX,260,2147,2913
48047,TX,3826,14273,18767
48049,TX,5689,48850,82225
48051,TX,1704,17499,24202
48053,TX,2642,30279,61431
48055,TX,6342,40770,64705
48057,TX,1465,9808,17984
48059,TX,1242,16226,26399
48061,TX,159854,568942,741074
48063,TX,2304,18206,27283
48065,TX,305,6313,12997
48067,TX,4321,37834,70695
48069,TX,1430,12001,17168
48071,TX,1485,13450,25247
48073,TX,7167,59972,91981
48075,TX,265,6579,11727
48077,TX,668,6796,13022
48079,TX,511,5733,8293
48081,TX,950,4993,7171
48083,TX,851,14119,25854
48085,TX,36245,328758,546166
48087,TX,206,3444,5699
48089,TX,940,13345,23475
48091,TX,18853,125228,200658
48093,TX,1455,19779,28112
48095,TX,290,3067,4088
48097,TX,1889,28437,48271
48099,TX,2827,39208,77036
48101,TX,630,2816,3285
48103,TX,774,5048,8578
48105,TX,1081,5585,7047
48107,TX,1388,11276,16468
48109,TX,549,3668,5074
48111,TX,2196,9697,14882
48113,TX,251285,1600703,2451821
48115,TX,3627,26123,34720
48117,TX,5987,25685,40864
48119,TX,116,5380,9315
48121,TX,35013,298571,490652
48123,TX,0,6083,36312
48125,TX,555,3849,5805
48127,TX,1213,13026,18492
48129,TX,367,5649,9198
48131,TX,3111,17000,25444
48133,TX,1096,20633,40801
48135,TX,20460,153026,254079
48137,TX,303,2217,3945
48139,TX,17151,129959,392861
48141,TX,164839,992426,763987
48143,TX,2836,28474,44798
48145,TX,1654,13211,23616
48147,TX,4407,43239,66533
48149,TX,4240,26313,39275
48151,TX,630,5388,8883
48153,TX,2188,11801,17411
48155,TX,226,3522,3989
48157,TX,55229,273401,421385
48159,TX,1356,10218,15587
48161,TX,1249,19886,30177
48163,TX,1573,20649,33665
48165,TX,2176,17929,29884
48167,TX,31685,183038,310858
48169,TX,1368,7880,10330
48171,TX,1681,21679,39562
48173,TX,52,836,1095
48175,TX,1009,6615,11599
48177,TX,3228,23206,36631
48179,TX,2401,23123,45776
48181,TX,12617,139303,231727
48183,TX,15813,150406,249631
48185,TX,6859,29337,44351
48187,TX,13717,90142,145498
48189,TX,12031,60476,88467
48191,TX,375,5184,8399
48193,TX,1075,9740,12128
48195,TX,1274,8971,10624
48197,TX,419,4577,6872
48199,TX,6012,50982,90621
48201,TX,499951,2591370,4009195
48203,TX,8387,46686,81996
48205,TX,60,730,1088
48207,TX,665,10267,14205
48209,TX,12477,91678,158602
48211,TX,111,950,2501
48213,TX,6468,84651,153485
48215,TX,271908,989409,1285329
48217,TX,2890,44211,70552
48219,TX,4932,41078,58842
48221,TX,6691,55182,99516
48223,TX,5232,44105,65602
48225,TX,2332,22360,40105
48227,TX,5213,40997,66705
48229,TX,667,4554,6392
48231,TX,8404,75288,131852
48233,TX,2673,28102,49382
48235,TX,0,482,1069
48237,TX,573,6256,10332
48239,TX,2565,13501,21486
48241,TX,5178,39893,68821
48243,TX,40,1930,3343
48245,TX,30116,185749,306464
48247,TX,965,6198,7923
48249,TX,7511,45817,76113
48251,TX,14199,151415,266907
48253,TX,1120,21722,33526
48255,TX,2690,15522,25614
48257,TX,11382,111331,193604
48259,TX,2104,28386,44291
48261,TX,289,730,730
48263,TX,51,798,1430
48265,TX,3026,37317,66889
48267,TX,366,2931,5347
48269,TX,0,0,0
48271,TX,245,2546,4127
48273,TX,7521,37519,53610
48275,TX,1352,6774,8974
48277,TX,9190,61868,82028
48279,TX,5555,31110,51885
48281,TX,1433,15470,34359
48283,TX,2225,11650,25415
48285,TX,6201,29640,43314
48287,TX,3007,15549,22059
48289,TX,1862,18172,33401
48291,TX,10808,86139,146667
48293,TX,2511,30839,45865
48295,TX,304,4341,5848
48297,TX,1468,9718,15158
48299,TX,653,21053,35052
48301,TX,0,0,306
48303,TX,43975,311574,482160
48305,TX,1249,8790,13890
48307,TX,809,8830,17161
48309,TX,25023,199896,329265
48311,TX,125,2053,3237
48313,TX,1421,12295,20238
48315,TX,2607,13651,21745
48317,TX,1456,7346,9420
48319,TX,259,2282,4409
48321,TX,8903,44026,64819
48323,TX,24803,132798,169444
48325,TX,7799,44609,72752
48327,TX,198,3357,4380
48329,TX,16164,108823,179733
48331,TX,1313,21172,37368
48333,TX,465,8338,13033
48335,TX,800,12043,17706
48337,TX,2212,27857,46113
48339,TX,32424,260749,473167
48341,TX,5508,27913,40361
48343,TX,887,14335,26245
48345,TX,152,2986,4597
48347,TX,13161,67362,95050
48349,TX,5748,55795,80640
48351,TX,2207,15126,22254
48353,TX,1317,21478,35807
48355,TX,64845,299424,463731
48357,TX,1171,10711,17297
48359,TX,384,1672,2190
48361,TX,8588,68442,129640
48363,TX,3978,31793,55359
48365,TX,6053,30541,47012
48367,TX,8339,81416,163545
48369,TX,2910,13010,18873
48371,TX,1801,14539,25550
48373,TX,5722,51693,91026
48375,TX,22217,150571,234673
48377,TX,1365,9362,13787
48379,TX,1003,11549,21253
48381,TX,13918,112028,177731
48383,TX,982,3122,5145
48385,TX,1329,5386,8966
48387,TX,3333,15159,24283
48389,TX,2019,17395,26749
48391,TX,2385,8878,13275
48393,TX,40,365,678
48395,TX,1112,18065,27866
48397,TX,5710,61518,96419
48399,TX,1199,15358,24137
48401,TX,4018,46640,83695
48403,TX,1700,18996,32062
48405,TX,3034,11937,15867
48407,TX,2182,17543,37105
48409,TX,12668,70439,124143
48411,TX,649,8681,12790
48413,TX,439,2558,3285
48415,TX,2120,24836,37767
48417,TX,20,1733,4331
48419,TX,5816,29410,48055
48421,TX,387,4753,5840
48423,TX,24316,205395,350734
48425,TX,782,5987,12941
48427,TX,28291,110256,133179
48429,TX,1033,10393,17035
48431,TX,58,1589,2618
48433,TX,201,2138,2535
48435,TX,545,3212,4650
48437,TX,1019,6900,12152
48439,TX,162435,1215990,1908568
48441,TX,14555,162205,263275
48443,TX,82,878,1095
48445,TX,2399,21664,30544
48447,TX,348,1953,3181
48449,TX,5898,32205,46704
48451,TX,15069,110441,167139
48453,TX,81359,411473,632338
48455,TX,1286,13684,26456
48457,TX,978,18436,31348
48459,TX,2603,34394,67244
48461,TX,598,4005,6473
48463,TX,5323,30295,51848
48465,TX,20710,82456,108578
48467,TX,4611,53987,102153
48469,TX,15934,91602,149302
48471,TX,12943,52350,76895
48473,TX,2534,20902,38692
48475,TX,613,9209,16390
48477,TX,10486,37355,53950
48479,TX,55135,295997,376332
48481,TX,9379,49428,78586
48483,TX,351,4155,7980
48485,TX,12692,150377,245746
48487,TX,1571,20811,31764
48489,TX,9079,34384,47723
48491,TX,27614,193459,320008
48493,TX,4975,32297,58002
48495,TX,791,8589,12474
48497,TX,4800,52948,97686
48499,TX,6091,57080,104528
48501,TX,1352,10234,15037
48503,TX,2038,18620,33702
48505,TX,1489,13872,19694
48507,TX,3283,16460,24577
0,UT,733,27475,175856
49001,UT,109,2320,2555
49003,UT,1497,22874,46627
49005,UT,1650,19102,40780
49007,UT,271,7253,16697
49009,UT,0,0,0
49011,UT,7002,71240,147748
49013,UT,262,3253,3285
49015,UT,303,4523,10039
49017,UT,626,3534,3650
49019,UT,144,1306,2190
49021,UT,845,11179,11680
49023,UT,615,4928,9161
49025,UT,152,1683,1825
49027,UT,61,6069,12956
49029,UT,185,3986,5377
49031,UT,79,796,2789
49033,UT,0,116,1095
49035,UT,57083,343480,600990
49037,UT,5279,13996,17860
49039,UT,397,10717,22577
49041,UT,321,5350,11525
49043,UT,345,4984,9212
49045,UT,620,17596,37677
49047,UT,326,6451,6570
49049,UT,15734,155694,292024
49051,UT,1607,8432,12981
49053,UT,7489,71260,74460
49055,UT,0,0,1
49057,UT,7292,81790,160067
0,VT,67,0,1859
50001,VT,564,2889,7047
50003,VT,291,6155,25887
50005,VT,72,3334,10513
50007,VT,10604,38804,64464
50009,VT,0,582,1184
50011,VT,1976,14910,24525
50013,VT,0,591,1967
50015,VT,269,1468,6427
50017,VT,17,1328,4916
50019,VT,123,4446,13725
50021,VT,506,7513,27131
50023,VT,507,6361,19812
50025,VT,845,6152,14217
50027,VT,571,6285,20477
0,VA,0,0,0
51001,VA,4177,18727,38947
51003,VA,4212,29671,61114
51005,VA,1239,19719,36366
51007,VA,869,11430,21183
51009,VA,656,14387,33187
51011,VA,583,9263,19428
51013,VA,33888,91297,119258
51015,VA,1586,31265,76690
51017,VA,0,3922,7201
51019,VA,2626,39329,87692
51021,VA,556,4163,8348
51023,VA,2129,13906,36411
51025,VA,798,8645,17124
51027,VA,947,17245,43808
51029,VA,1693,11206,20497
51031,VA,1271,35158,77642
51033,VA,1178,13728,30681
51035,VA,4225,28254,53534
51036,VA,1055,5796,10323
51037,VA,268,7316,16149
51041,VA,20845,156950,280274
51043,VA,228,7358,16976
51045,VA,38,2183,7141
51047,VA,3326,23803,54434
51049,VA,308,3921,9539
51051,VA,216,7017,18967
51053,VA,1738,15690,33385
51057,VA,295,4077,12347
51059,VA,129118,388599,539666
51061,VA,3944,24550,52679
51063,VA,1672,8462,17267
51065,VA,2044,7245,16559
51067,VA,1232,28806,70558
51069,VA,2631,38501,90202
51071,VA,46,7938,17810
51073,VA,582,18965,38019
51075,VA,1658,8227,19124
51077,VA,2456,14010,29687
51079,VA,616,8004,22082
51081,VA,2778,8964,14539
51083,VA,1621,29894,58931
51085,VA,9054,58513,105777
51087,VA,49090,219301,344161
51089,VA,4636,46439,98204
51091,VA,0,530,2280
51093,VA,3686,24889,42186
51095,VA,4867,26673,44849
51097,VA,289,2584,4399
51099,VA,1184,6984,15238
51101,VA,542,5479,15551
51103,VA,97,5930,12000
51105,VA,1488,17777,34139
51107,VA,26876,97844,141645
51109,VA,1016,12315,30217
51111,VA,388,5120,13655
51113,VA,525,5689,14673
51115,VA,70,5164,9800
51117,VA,7450,24778,45451
51119,VA,1222,8174,17207
51121,VA,1723,32876,56467
51125,VA,268,4797,12636
51127,VA,545,6416,12840
51131,VA,6614,13761,23722
51133,VA,1062,8179,15873
51135,VA,3045,18423,33399
51137,VA,1002,14791,33127
51139,VA,6365,22321,43716
51141,VA,3324,16459,34223
51143,VA,2384,31659,73939
51145,VA,885,6400,21464
51147,VA,2355,13447,26577
51149,VA,827,11119,27543
51153,VA,43565,177434,271727
51155,VA,1455,24672,50187
51157,VA,333,1080,3812
51159,VA,990,4559,9077
51161,VA,3111,51754,101647
51163,VA,302,17026,29849
51165,VA,4829,42435,85274
51167,VA,1079,15674,41157
51169,VA,1614,22317,40893
51171,VA,11068,49255,83614
51173,VA,3362,35500,63421
51175,VA,4805,20932,33651
51177,VA,9100,45017,107224
51179,VA,3120,29718,63184
51181,VA,694,3230,7095
51183,VA,2056,8170,15002
51185,VA,613,27492,64260
51187,VA,2824,23092,56478
51191,VA,3764,42028,79482
51193,VA,848,9666,18940
51195,VA,3160,38353,72066
51197,VA,1201,28913,54336
51199,VA,1477,20194,40225
51510,VA,15401,49147,70548
51520,VA,764,13337,30046
51530,VA,200,7550,15706
51540,VA,4503,19713,28090
51550,VA,12169,104620,181562
51570,VA,5213,20887,35811
51580,VA,108,4678,9816
51590,VA,5435,52029,100099
51595,VA,4493,14984,19655
51600,VA,1741,7323,16010
51610,VA,1395,3266,6225
51620,VA,1954,12107,18995
51630,VA,824,8290,14318
51640,VA,5188,19323,28395
51650,VA,4441,64017,119761
51660,VA,7613,33844,57543
51670,VA,1228,25183,42754
51678,VA,201,11018,13654
51680,VA,3323,54142,99936
51683,VA,5100,16815,25905
51685,VA,1636,4147,9336
51690,VA,2754,26968,43757
51700,VA,7678,82994,146852
51710,VA,12318,96302,173077
51720,VA,10,3068,7804
51730,VA,4577,30237,50408
51735,VA,243,6079,10759
51740,VA,10111,70093,120192
51750,VA,301,8342,18293
51760,VA,12766,97696,184233
51770,VA,7126,71352,135619
51775,VA,1862,18446,36299
51790,VA,888,25580,42531
51800,VA,14174,69289,111022
51810,VA,17228,150547,302816
51820,VA,721,13746,25023
51830,VA,1580,4518,7748
51840,VA,892,16167,29512
0,WA,556,1304,2179
53001,WA,1537,9102,14406
53003,WA,1247,12561,25141
53005,WA,27973,95649,175602
53007,WA,3363,28387,61573
53009,WA,269,9517,55149
53011,WA,15544,120855,307594
53013,WA,246,2148,5598
53015,WA,1361,46587,129475
53017,WA,1715,10115,26468
53019,WA,59,3109,10384
53021,WA,12597,47425,78017
53023,WA,13,2021,2555
53025,WA,4438,36021,79514
53027,WA,1568,30299,75522
53029,WA,3208,12425,30856
53031,WA,37,2645,10620
53033,WA,186969,603169,1050207
53035,WA,3123,50892,129187
53037,WA,3438,14307,26572
53039,WA,799,4883,17874
53041,WA,1881,32974,94014
53043,WA,277,4489,10308
53045,WA,1176,15609,53176
53047,WA,1793,18859,46005
53049,WA,520,6458,22257
53051,WA,147,4289,13283
53053,WA,42554,253133,516613
53055,WA,0,0,723
53057,WA,5413,30427,77213
53059,WA,164,971,4760
53061,WA,53741,227596,431982
53063,WA,32943,267404,520487
53065,WA,847,16831,53773
53067,WA,4636,50825,154479
53069,WA,0,817,2714
53071,WA,1944,27626,53975
53073,WA,11141,41225,110856
53075,WA,1584,19948,33738
53077,WA,53103,175617,288776
0,WV,2,41,0
54001,WV,493,11915,26698
54003,WV,3823,49797,109166
54005,WV,943,14560,29675
54007,WV,4,2935,16193
54009,WV,841,22484,37782
54011,WV,4531,71884,139817
54013,WV,0,694,5070
54015,WV,396,4299,15923
54017,WV,161,2586,6492
54019,WV,3549,32954,73476
54021,WV,32,2928,7250
54023,WV,1201,10607,20678
54025,WV,1086,25699,58136
54027,WV,434,13469,26067
54029,WV,594,34551,51932
54031,WV,194,9018,17854
54033,WV,1937,35883,92895
54035,WV,5363,23788,49222
54037,WV,1612,21797,48585
54039,WV,16370,136916,270094
54041,WV,469,10444,31758
54043,WV,402,10023,29628
54045,WV,6051,37260,67851
54047,WV,118,10785,27129
54049,WV,961,23102,65725
54051,WV,1689,31237,57011
54053,WV,858,15411,34759
54055,WV,4621,48474,96529
54057,WV,2149,34205,57788
54059,WV,1825,18213,44662
54061,WV,1537,35600,71538
54063,WV,1064,6818,16380
54065,WV,134,9508,25219
54067,WV,591,10323,35576
54069,WV,1953,31948,63249
54071,WV,213,3700,7563
54073,WV,444,6455,13262
54075,WV,101,4783,11201
54077,WV,1248,20816,49299
54079,WV,2508,36098,67455
54081,WV,1566,39347,128245
54083,WV,200,8607,31957
54085,WV,210,4741,11189
54087,WV,403,4386,14188
54089,WV,552,8998,19886
54091,WV,1039,10010,26451
54093,WV,18,5095,13469
54095,WV,54,4596,11437
54097,WV,274,14834,34497
54099,WV,2724,18221,45836
54101,WV,0,3731,12207
54103,WV,795,12782,31142
54105,WV,55,2208,8823
54107,WV,2052,65964,126105
54109,WV,939,16238,42185
0,WI,0,0,0
55001,WI,1050,8606,22273
55003,WI,763,5923,13768
55005,WI,3166,31609,52419
55007,WI,935,7947,14941
55009,WI,22683,113240,200217
55011,WI,672,2665,4362
55013,WI,1235,10329,15798
55015,WI,2520,20796,44120
55017,WI,3710,37675,68833
55019,WI,3970,25442,44547
55021,WI,2124,27198,48021
55023,WI,471,7024,10676
55025,WI,17131,124117,194719
55027,WI,8584,75184,122934
55029,WI,1747,13398,26159
55031,WI,1448,23725,29101
55033,WI,817,13527,27297
55035,WI,4804,46208,70009
55037,WI,802,4711,6014
55039,WI,6245,53773,100328
55041,WI,1929,10516,18674
55043,WI,7101,36352,54286
55045,WI,730,9839,20122
55047,WI,673,9925,23276
55049,WI,489,5373,10571
55051,WI,1209,15043,17343
55053,WI,805,10869,15711
55055,WI,5398,51008,87806
55057,WI,886,11981,24963
55059,WI,20766,126043,232867
55061,WI,1722,14260,21635
55063,WI,3630,35940,67652
55065,WI,279,3746,9654
55067,WI,2476,18966,33320
55069,WI,3020,36533,54051
55071,WI,3703,35457,69420
55073,WI,11157,89956,181956
55075,WI,4123,27930,46694
55077,WI,1296,10799,21897
55078,WI,494,4015,5220
55079,WI,143088,534655,830932
55081,WI,1922,18541,34482
55083,WI,3596,27021,43510
55085,WI,2641,29480,50440
55087,WI,12502,92034,147319
55089,WI,6927,40151,66507
55091,WI,161,2875,6589
55093,WI,1989,16400,26791
55095,WI,1388,24794,44288
55097,WI,3249,29646,58427
55099,WI,274,3239,12013
55101,WI,26900,149748,251182
55103,WI,1562,7292,17742
55105,WI,11406,78350,143823
55107,WI,804,9360,20487
55109,WI,2537,27082,54492
55111,WI,2405,21976,48777
55113,WI,684,10496,22381
55115,WI,4378,31716,54741
55117,WI,7557,62945,116292
55119,WI,1732,15137,26269
55121,WI,1839,17694,23799
55123,WI,1143,17517,36616
55125,WI,1316,17058,33557
55127,WI,9319,62643,103247
55129,WI,489,8995,16795
55131,WI,10210,74795,122388
55133,WI,32808,241468,400656
55135,WI,10416,62549,92084
55137,WI,1285,15323,31524
55139,WI,12978,86876,140505
55141,WI,2870,41450,85530
0,WY,6,39,2
56001,WY,547,7252,18106
56003,WY,900,13782,22675
56005,WY,1000,26297,53896
56007,WY,729,10254,19191
56009,WY,418,8417,19882
56011,WY,267,5024,10301
56013,WY,4206,35553,69880
56015,WY,709,10216,20757
56017,WY,31,1712,6130
56019,WY,458,4289,7170
56021,WY,2255,50531,106332
56023,WY,511,5465,11273
56025,WY,3265,54857,100510
56027,WY,29,1230,3529
56029,WY,452,16215,52202
56031,WY,474,5872,14987
56033,WY,886,12885,28558
56035,WY,231,3886,9862
56037,WY,764,19009,46074
56039,WY,318,3796,5764
56041,WY,456,6132,14372
56043,WY,1391,10164,16299
56045,WY,70,2485,7024
