countyFIPS,deaths_pct_2020
1001,10.078934650700747
1003,5.560084933298691
1005,8.243538847930001
1007,11.958560328659463
1009,6.666551378272749
1011,31.194931194931197
1013,41.618675442204854
1015,9.562079133840939
1017,29.500210500992363
1019,10.70774163994503
1021,10.729719996398668
1023,23.05187068075304
1025,12.517991702650072
1027,17.604835663014732
1029,9.061032863849764
1031,3.8458599212869204
1033,9.76448652269148
1035,18.596171376481312
1037,6.095845446872363
1039,13.76015546978326
1041,31.47690967179785
1043,5.645353834399771
1045,14.951598470674368
1047,13.557909452629316
1049,6.793170472501503
1051,11.970348114125281
1053,12.592471269074332
1055,9.298118668596238
1057,11.336032388663968
1059,17.431923984439766
1061,4.213771839671121
1063,36.71557144618419
1065,39.12360930994471
1067,6.3295553618134255
1069,5.00935003116677
1071,5.460426916669895
1073,11.112055914834043
1075,6.048533140166606
1077,7.112122421249016
1079,11.216741586684485
1081,7.903757095452833
1083,4.843552545114492
1085,58.90396874357392
1087,19.957936683639584
1089,4.273696800023599
1091,21.385781689020835
1093,20.33053956713454
1095,9.08715150763635
1097,14.715519953534523
1099,7.538706410070901
1101,16.531264625628076
1103,5.239014363422155
1105,11.106130225260562
1107,15.092824887104866
1109,6.559159267983331
1111,15.04268990405774
1113,0.8315936578043857
1115,7.495084457949772
1117,5.379371801820838
1119,32.477669590407984
1121,7.728375303208382
1123,47.7667401590408
1125,11.085476821666546
1127,24.678452795138618
1129,17.76307730001225
1131,25.81702496866866
1133,11.46049346142452
2013,0.0
2016,0.0
2020,3.210416666666667
2050,3.8072446426628956
2060,0.0
2068,0.0
2070,0.8136696501220505
2090,2.356245289058225
2100,0.0
2105,0.0
2110,1.2259961218490023
2122,1.5313074879062478
2130,0.14387454139989928
2150,0.8232035697799662
2158,0.7938417127736349
2164,0.0
2170,1.1124754193709205
2180,0.0
2185,0.9764035801464606
2188,0.0
2195,6.582976117575015
2198,1.031758826374335
2220,0.0
2230,0.0
2240,1.9440011605977077
2261,1.3149315366224734
2275,0.0
2282,0.0
2290,7.39961759082218
4001,45.10273067453086
4003,9.9077206524674
4005,21.907496724190807
4007,20.813432559517196
4009,11.68988335865283
4011,4.042956411876184
4012,14.027856736782262
4013,13.54842607616599
4015,19.823641136576793
4017,42.06303414950777
4019,11.824165289287764
4021,8.650810628601803
4023,24.67202890446901
4025,7.054474923330171
4027,28.79969315253032
5001,11.21468603454192
5003,9.268962710484814
5005,5.315749308404083
5007,6.703422284795139
5009,10.782218422739902
5011,10.721917680943974
5013,0.7130468298323377
5015,8.935870331219169
5017,31.527969954536474
5019,4.699820788530466
5021,14.576317778846814
5023,11.160158914884224
5025,20.336852689793865
5027,14.69497378181353
5029,4.710735872589466
5031,6.933618533154479
5033,6.079959530170574
5035,17.164007924095507
5037,16.17638102198672
5039,9.930089884434299
5041,9.074905378047706
5043,6.537131565947638
5045,4.32674375233122
5047,5.927180355630822
5049,10.218802596778072
5051,10.590022739621274
5053,3.076923076923077
5055,6.239382239382239
5057,4.291287386215865
5059,14.580557282875839
5061,13.18739584911377
5063,16.1004626569729
5065,2.9716046665199207
5067,5.0840361265625935
5069,23.150365138273674
5071,4.654225299119573
5073,8.06159420289855
5075,21.79080824088748
5077,30.28113356667043
5079,25.83691646191646
5081,33.24904152051554
5083,2.6693375570669895
5085,5.996535213957359
5087,4.832287644787645
5089,3.10890140170121
5091,5.63608202140694
5093,21.684583405082286
5095,4.059095657364573
5097,12.285777876697084
5099,27.472127968977215
5101,36.07635753901716
5103,5.9661277906081605
5105,2.142515542802487
5107,13.389944888089078
5109,3.0696025377869005
5111,16.031961917715062
5113,6.176117010619114
5115,8.097140716693719
5117,8.22376581493426
5119,8.804294852657874
5121,19.707094331217284
5123,6.369528686884853
5125,4.643204260150118
5127,2.8499173232175856
5129,3.2102525060271536
5131,9.8531609127962
5133,16.728405950490973
5135,11.948171081298016
5137,18.34319526627219
5139,19.262189131895973
5141,4.4363856149894225
5143,9.045642112656624
5145,6.350234276789456
5147,0.7278481012658228
5149,22.623119816316013
6001,4.276417150662736
6003,0.0
6005,6.140571543570135
6007,3.9797249824350094
6009,5.644265330574012
6011,4.6363762936835755
6013,3.895707595667545
6015,0.5609089601610815
6017,0.5579668434944489
6019,8.066752010057042
6021,2.507660338815905
6023,1.0969474320954868
6025,36.287834892255056
6027,12.905371694661566
6029,8.080408619398757
6031,9.548842683405256
6033,3.3330227067996145
6035,0.9256533542668368
6037,14.036198637986427
6039,10.111423976812626
6041,8.298238971355273
6043,0.14532349008893797
6045,3.363727535764101
6047,8.675813886488044
6049,0.0
6051,3.136250346164497
6053,3.723439793024483
6055,2.0015390870019747
6057,1.9187008170016542
6059,8.325555500974275
6061,2.777603438363765
6063,0.23395544212261393
6065,10.286025842060823
6067,5.687158598454439
6069,3.4024328111068654
6071,10.586330349504722
6073,5.319216494474782
6075,3.0731133493430316
6077,11.305153329799461
6079,2.117190783826838
6081,4.7074446921558675
6083,4.780973753580635
6085,3.8336449063517324
6087,1.71587735576272
6089,3.598956019546868
6091,0.0
6093,0.4869197730770114
6095,3.3709898289485145
6097,3.7802223588814083
6099,11.934405985544618
6101,3.187550917284549
6103,3.3925388728412513
6105,0.6023606023606023
6107,12.194253477622025
6109,2.311024633797129
6111,3.706829502391236
6113,6.195011337868481
6115,1.8419179335943459
8001,10.69941111783248
8003,13.07213700486663
8005,13.98787675718485
8007,0.0
8009,0.2234012845573862
8011,3.783396091088399
8013,6.617493776747723
8014,12.604839281913009
8015,24.02731381410886
8017,4.8061168760240305
8019,3.020618556701031
8021,1.7428397318708104
8023,4.013377926421405
8025,9.206401583897046
8027,0.0
8029,3.3181438932032603
8031,14.554372802391601
8033,0.0
8035,4.977303405343524
8037,4.5694487274838105
8039,2.783493583747989
8041,6.441949853068351
8043,1.0744371746901065
8045,2.4591665140440555
8047,0.4965561428800256
8049,1.741451633405364
8051,9.534990264574503
8053,0.0
8055,9.119907206031607
8057,0.0
8059,11.922845314909905
8061,2.062588904694168
8063,13.315485416373116
8065,0.0
8067,1.5616940289215775
8069,3.42954169106666
8071,0.6755825175789328
8073,0.8244167689878968
8075,13.784640099959839
8077,3.1846183775371246
8079,2.990897269180754
8081,4.998870737032297
8083,4.976511476912501
8085,8.475606903971187
8087,40.515343332874636
8089,8.786519312835102
8091,7.269789983844912
8093,1.6025470947200848
8095,3.9155920281359906
8097,3.2194517926492936
8099,7.155767334866908
8101,8.84256400512991
8103,1.1385199240986716
8105,4.801633087778468
8107,8.268975739137218
8109,7.107268464243845
8111,0.0
8113,0.0
8115,8.496441281138791
8117,2.869949372803199
8119,3.4977154561210018
8121,7.925835370823147
8123,12.410475450858574
8125,2.4752969358219383
9001,37.48468195714764
9003,39.70607365540752
9005,20.26362340780667
9007,28.481986751705286
9009,32.377740106252425
9011,11.38096423157847
9013,11.452286011902787
9015,4.225822472641331
10001,14.29812042967929
10003,12.698455310307057
10005,20.841925498986015
11001,20.727765820426242
12001,4.230550506796312
12003,11.08524477918521
12005,10.95732806731347
12007,7.294067586255807
12009,8.844207581461337
12011,13.025085288752742
12013,19.071251329315846
12015,15.645016145254353
12017,13.444743647139793
12019,9.446208016346487
12021,10.927976471933116
12023,14.542588511006333
12027,14.346990868661353
12029,9.009865684060383
12031,7.895442989073406
12033,13.174644064388847
12035,4.529852886227961
12037,4.536082474226804
12039,16.681997371879106
12041,12.269938650306749
12043,7.790891318514228
12045,16.768091502309552
12047,9.86969780981425
12049,8.26743883877195
12051,19.792013707105802
12053,12.353547854785479
12055,16.640777247436947
12057,8.428036479053892
12059,8.27343630524545
12061,11.945748891654109
12063,26.970310682121774
12065,12.347325565070898
12067,24.483495606744242
12069,8.638639347566722
12071,11.653734798728745
12073,5.0895490867968745
12075,4.139459798086885
12077,19.04476897294709
12079,19.38571351322122
12081,14.679618006561638
12083,12.766324105049797
12085,15.58944099378882
12086,21.40120871274301
12087,5.340302850676295
12089,7.52722143864598
12091,9.270753257599482
12093,11.568013659647127
12095,6.102542462890721
12097,8.186006158333576
12099,17.578585888279427
12101,6.747937979626211
12103,13.70744085103939
12105,13.133280995395824
12107,10.355470270125199
12109,4.737184137347358
12111,15.336113336399663
12113,7.287060598004482
12115,12.64253865200972
12117,7.710681480037132
12119,10.277148466998941
12121,29.355877254204472
12123,10.705178728731049
12125,33.04456257793529
12127,8.738369444986661
12129,5.3884228933874745
12131,6.86098473086633
12133,15.88741019903427
13001,33.05232241923202
13003,12.320881812614818
13005,22.491938373342887
13007,32.48847926267281
13009,26.06593896190688
13011,7.372361443277529
13013,11.226573762614128
13015,16.439881935807236
13017,23.538922155688624
13019,9.33133989792236
13021,19.292369367781195
13023,26.590538336052198
13025,10.863990789680255
13027,30.296952836902374
13029,6.210412092765034
13031,5.957943925233645
13033,9.7708082026538
13035,36.46535129932628
13037,30.651155275488772
13039,3.986024219807559
13043,28.78829954642229
13045,11.841622774851658
13047,5.464634507250666
13049,10.50627240143369
13051,9.755726773313064
13053,1.5586320711469699
13055,14.264391463955786
13057,7.052126767475741
13059,6.42011672939508
13061,21.947776993648553
13063,10.892163035147268
13065,24.690238742822604
13067,11.53983274155716
13069,22.61456335359231
13071,15.414473684210526
13073,6.390622407698101
13075,13.79270411117545
13077,6.085826448228727
13079,5.675588519832312
13081,18.335419274092615
13083,5.491437081161578
13085,5.959859047035391
13087,20.02348129071353
13089,9.327180273331779
13091,15.685513224945403
13093,27.856609410007465
13095,51.044840602119244
13097,9.669065141482681
13099,80.94210009813543
13101,7.688467299051423
13103,5.819957695657584
13105,7.658643326039387
13107,22.622096617504194
13109,8.654026656654777
13111,12.73865892775317
13113,8.242368096765453
13115,10.11594144043534
13117,3.644187150975222
13119,10.154610475823375
13121,11.033548039028625
13123,8.916446172973318
13125,9.761023224503534
13127,17.39905266613516
13129,13.979607680761866
13131,14.427800105549466
13133,22.636978825583935
13135,8.423497997329774
13137,29.729968231556654
13139,14.442308538893862
13141,102.93248196760081
13143,7.679914070891515
13145,12.348166647746622
13147,8.60522800992177
13149,10.089742514467835
13151,7.92288573121704
13153,9.858548234861873
13155,11.905267629566694
13157,8.860325856091645
13159,4.275968774175399
13161,22.242805160436653
13163,28.8048431193855
13165,61.19179345320425
13167,36.66908638390542
13169,6.831390290586394
13171,17.37170414635425
13173,11.1580159263168
13175,24.395322424599335
13177,22.432648706321686
13179,5.601041751444616
13181,14.922358288094935
13183,3.210798098062273
13185,11.193635759671567
13187,7.36983040761678
13189,14.104729729729728
13191,7.087216580887468
13193,19.10095002703329
13195,6.127844712182061
13197,17.549946165809306
13199,11.310058109321112
13201,3.60265827212312
13205,49.43054475598042
13207,31.865980129088406
13209,10.597470562581771
13211,3.351317700767794
13213,5.212490023942538
13215,14.507404134464599
13217,12.917024627720505
13219,12.346077457795431
13221,15.282783930794942
13223,6.090106541291421
13225,15.138314092790242
13227,5.9740419134116785
13229,17.93475468790136
13231,9.492669549625568
13233,8.90573299227935
13235,25.967495734937597
13237,21.890682218906825
13239,11.352762070465419
13241,9.517418451304195
13243,98.93773974623782
13245,14.360698802081789
13247,7.980549199084669
13249,7.704013696024349
13251,14.263210654446512
13253,20.667490729295427
13255,17.870260707914188
13257,22.78881388621022
13259,35.20616221114635
13261,48.91613602492887
13263,19.43502824858757
13265,0.0
13267,7.822510480107569
13269,21.783042394014963
13271,21.109709962168978
13273,89.356464658305
13275,29.256934602146185
13277,26.901879736246432
13279,27.029444651509504
13281,16.482512253883858
13283,22.011302709752208
13285,25.369697663110323
13287,60.613650594865376
13289,18.940886699507388
13291,15.629717269797233
13293,50.797872340425535
13295,9.013632258711887
13297,12.079117905130401
13299,28.919236581407066
13301,14.179672630376855
13303,9.600471188770001
13305,16.032345373742775
13307,16.64748753356348
13309,23.69191597708466
13311,11.153321644262615
13313,10.821195091180181
13315,56.12044006948466
13317,9.808734785721592
13319,35.00111681929864
13321,33.41235738627945
15001,1.558212125272315
15003,2.172358277504892
15005,0.0
15007,0.05118061223078306
15009,1.5476325582228805
16001,6.2763322099641385
16003,5.589194224499301
16005,3.0373086734693877
16007,2.0081632653061225
16009,4.237470423747043
16011,5.806327572579095
16013,7.349811042092003
16015,3.2307495849827608
16017,0.900763024989615
16019,4.808419142967529
16021,2.2294814209881584
16023,0.0
16025,0.0
16027,8.018742739798737
16029,8.665269042627532
16031,6.545984186433625
16033,0.0
16035,1.2905436272270443
16037,2.757821552723059
16039,3.2750536149176694
16041,2.7097146151628713
16043,5.931750515306512
16045,4.328621908127209
16047,6.153238026220436
16049,3.3299334013319735
16051,2.611228281610927
16053,7.168605603801409
16055,4.864904011539135
16057,0.37399022638875035
16059,5.257256758440263
16061,7.894736842105263
16063,8.852031308237047
16065,1.578670408700228
16067,7.243690289462427
16069,14.977232231241338
16071,0.5296843963804899
16073,8.999407933688573
16075,7.298233894200659
16077,3.4630907433927876
16079,20.54028877503493
16081,1.3506835776643058
16083,12.613089619926793
16085,1.7117275280898876
16087,11.722581910927996
17001,6.423168029342095
17003,4.825551119597292
17005,8.07865578960185
17007,12.070446735395189
17009,4.819093949528732
17011,11.5452985166115
17013,1.097277906731378
17015,15.574973785389723
17017,21.223347328558493
17019,3.2095150437075857
17021,13.314140663694898
17023,10.569263648727414
17025,12.287621359223301
17027,18.55066290399872
17029,14.709310365263429
17031,24.635933947066086
17033,6.332029785182408
17035,12.641649637748467
17037,7.498784521959637
17039,7.3730656094129685
17041,8.12227074235808
17043,15.177463726581147
17045,9.923664122137405
17047,3.1899921813917125
17049,5.7868736767819335
17051,14.566929133858267
17053,16.850551654964896
17055,5.341963659050145
17057,2.609202096680256
17059,7.7671913835956925
17061,18.898912792042562
17063,4.2739060602499315
17065,4.743716116313455
17067,6.731420826744975
17069,3.6639623135304897
17071,2.39241649112248
17073,4.019381350561201
17075,14.512797816626097
17077,10.465198237885462
17079,22.42455775234131
17081,22.75766903725719
17083,12.74973591144996
17085,6.654108782670121
17087,3.527422082628654
17089,14.842515913696955
17091,17.308987639038065
17093,5.608186681138073
17095,9.803014145153826
17097,16.80245788079565
17099,13.390203277843726
17101,7.322362546243142
17103,6.977358047864852
17105,7.714317773788151
17107,5.409183031658396
17109,16.06023852840105
17111,9.357190665878209
17113,4.052076470553939
17115,12.54602967050928
17117,6.0499488047010646
17119,12.476898154133995
17121,11.108721945975002
17123,3.829340793845078
17125,11.35564039224493
17127,5.227998838222481
17129,1.7300754345687108
17131,8.29824447755393
17133,16.82882466726333
17135,8.383191384528752
17137,14.703785132806466
17139,7.240879939314531
17141,6.123254941452916
17143,8.15553161921877
17145,13.7598011091987
17147,1.9823788546255507
17149,10.976158344579396
17151,3.0644002872875267
17153,3.6925960637300843
17155,0.0
17157,9.602919891762633
17159,12.241345967897892
17161,12.773560569217432
17163,16.98127738884653
17165,8.33936401174918
17167,7.143297443905647
17169,3.959810874704492
17171,0.4039587962027873
17173,9.850235740038828
17175,10.33320853612879
17177,6.964357948671851
17179,7.457341638657694
17181,30.739206149042214
17183,5.041051770110087
17185,6.102430555555555
17187,9.089289954880076
17189,3.7301072945920644
17191,15.405488744989206
17193,5.843244441161262
17195,17.96284549161758
17197,14.44241924999602
17199,12.60717449734973
17201,13.323683875260112
17203,6.973660261577264
18001,5.3246499147497
18003,13.039580911101794
18005,15.870325499230118
18007,2.1604938271604937
18009,11.081816635482225
18011,17.313503235411172
18013,4.452690166975881
18015,9.966925013575555
18017,10.350500145931175
18019,12.615171341143853
18021,8.510962821734985
18023,9.52807185406957
18025,3.3563392266238066
18027,21.999340349614705
18029,13.947187512636985
18031,37.67084604089009
18033,7.395054629097182
18035,14.241906514215621
18037,9.802040434294272
18039,13.987525503898887
18041,17.137044411739243
18043,18.486538804411502
18045,6.888535421509849
18047,21.01239124703401
18049,7.334534895363973
18051,7.8344573516741445
18053,14.201219419483344
18055,28.958085332999183
18057,9.540813760498919
18059,13.839422781700952
18061,14.708132790324571
18063,18.475612262273135
18065,12.12790794630201
18067,18.24360341151386
18069,4.000547645125958
18071,7.467613212452805
18073,4.540849770573863
18075,5.534351145038168
18077,4.723288349634766
18079,11.523345952767261
18081,21.661282062630004
18083,5.506367164015959
18085,6.393475634313331
18087,9.178573231685768
18089,16.595295915698063
18091,10.977540768782761
18093,18.36676217765043
18095,17.542004646173083
18097,19.94926299682142
18099,12.425958753080549
18101,3.4909800097513406
18103,4.043248113526298
18105,6.247347252258625
18107,14.186968542959988
18109,13.32122742555576
18111,21.20995423340961
18113,17.13094839142091
18115,18.263829787234044
18117,31.82836200753334
18119,5.0675513245829125
18121,3.152860601050954
18123,15.566800563409672
18125,13.294051174428928
18127,7.599668992716666
18129,5.006489165060763
18131,10.426617016109448
18133,9.261230572705982
18135,9.588485708493817
18137,9.920915124982347
18139,6.923587238405404
18141,11.590870630476848
18143,13.810580991077787
18145,21.10711171723043
18147,4.764018345909158
18149,11.498151772124375
18151,4.798519974562063
18153,9.686003193187865
18155,2.0184168914519582
18157,2.226002901927125
18159,25.996831264853448
18161,1.2475191380776864
18163,6.349923670853289
18165,4.832881662149955
18167,8.518470076047759
18169,7.600980771712479
18171,5.819721718088324
18173,17.891044160132065
18175,2.6537309173919246
18177,11.15141764313035
18179,8.803364433135426
18181,13.658617542112689
18183,5.0465198445412796
19001,9.228187919463087
19003,2.80399777901166
19005,13.034266091912034
19007,12.747464992757122
19009,6.768558951965066
19011,5.736010918307662
19013,16.24500868717042
19015,4.997331706945186
19017,10.098954592610326
19019,3.943329397874852
19021,13.583078491335371
19023,5.907611330424545
19025,7.540339263549855
19027,8.693280436399704
19029,12.760984730445621
19031,5.964460192194126
19033,11.578327444051824
19035,6.319537160658656
19037,2.966563311824353
19039,7.184672698243746
19041,4.3144355644355645
19043,8.490512279901989
19045,8.852225979452498
19047,10.44589774078478
19049,9.7685467561234
19051,10.233333333333333
19053,0.7750952986022872
19055,10.604902710011169
19057,5.147945697641594
19059,7.822459149379998
19061,11.901018384355314
19063,24.359252823631625
19065,3.9745547073791347
19067,11.488300728807058
19069,24.70705064548163
19071,3.1609195402298855
19073,1.7326732673267329
19075,7.480379332897319
19077,19.4873234165965
19079,7.012793609964124
19081,9.623706491063029
19083,6.173572361391428
19085,17.410491849953733
19087,6.7505262102836525
19089,11.661934920288273
19091,8.254865034526052
19093,12.448979591836734
19095,6.796836381611468
19097,5.797623334533669
19099,18.523598225090762
19101,2.8040448209893416
19103,3.6674606325261343
19105,7.27237561046371
19107,7.329689634979504
19109,4.725578883413218
19111,5.279733784948153
19113,12.496802025530863
19115,31.20072496601722
19117,12.395348837209303
19119,9.621437686091024
19121,4.272248745256457
19123,20.70151618013125
19125,5.858118064535531
19127,18.08275546749981
19129,3.8983387385002315
19131,6.461364065747214
19133,5.838653511317469
19135,27.29985727260932
19137,12.312191186850862
19139,29.21198199887493
19141,20.46826147022468
19143,2.6351124538435715
19145,2.369762361819024
19147,2.4532973216295297
19149,17.726496405449417
19151,7.327390844538451
19153,11.630056246825022
19155,9.010149561187047
19157,13.526805015131863
19159,7.86677564364528
19161,5.987038370538011
19163,5.145047790312415
19165,7.106687620045399
19167,6.61598049060393
19169,3.249688520032538
19171,47.68600925596297
19173,5.6690083319719005
19175,6.772322522669716
19177,7.183418512208972
19179,31.628013383282337
19181,3.033070376559282
19183,13.530616890507627
19185,13.77115354758578
19187,9.792780748663102
19189,22.764149121112613
19191,6.212795758091141
19193,16.553677247907515
19195,0.7045115837962336
19197,4.64894125139309
20001,0.8084727948904519
20003,0.0
20005,4.423567473402601
20007,1.7619155184097581
20009,5.783777493308507
20011,3.5571762763176
20013,9.295273943956502
20015,1.3630045881843045
20017,9.629909365558913
20019,2.3692307692307693
20021,5.50679572696725
20023,23.97440722619496
20025,19.45837512537613
20027,11.459635091227193
20029,1.6275893466879126
20031,26.959285976280718
20033,5.235294117647059
20035,3.4003666781253576
20037,4.593229944870936
20039,4.1740360806508665
20041,3.9748727390880534
20043,2.013157894736842
20045,2.0423854276576776
20047,0.0
20049,0.0
20051,7.382761881413511
20053,3.605375286791216
20055,9.959689582362136
20057,6.9008596329456555
20059,4.235828374569371
20061,2.11872434480581
20063,50.986342943854325
20065,7.413376309427881
20067,16.335664335664333
20069,4.642618570474282
20071,0.0
20073,1.2370444667335339
20075,0.0
20077,13.392200147167035
20079,4.908652589386854
20081,2.6713709677419355
20083,7.1348940914158305
20085,4.889530028092021
20087,3.360814997636927
20089,5.661688086141021
20091,6.455998579019623
20093,17.37884314747264
20095,4.935682326621924
20097,0.0
20099,3.3081863594657963
20101,9.446254071661238
20103,4.375107023165929
20105,2.700877785280216
20107,0.8038750901782953
20109,0.0
20111,17.38514836571773
20113,3.3669679770163268
20115,2.2467182766745206
20117,6.2532193262594005
20119,6.74435903793702
20121,0.9434237812892484
20123,0.0
20125,3.5659304407929873
20127,3.612099644128114
20129,22.729029764205645
20131,14.162838432215816
20133,1.16199162866246
20135,39.09090909090909
20137,28.129080395448607
20139,2.426484419085836
20141,0.0
20143,0.0
20145,1.4187714374805114
20147,27.83721818876576
20149,0.4757412951646639
20151,5.947184635530336
20153,4.782608695652174
20155,6.134068840930353
20157,7.894736842105263
20159,1.310684701688162
20161,2.4342601573445415
20163,13.78048780487805
20165,0.0
20167,12.602100350058343
20169,5.4643700206550605
20171,8.086253369272237
20173,3.9454152956542297
20175,7.480866156430838
20177,7.2949823321554765
20179,0.0
20181,8.061517660976847
20183,1.283840357242534
20185,6.953801732435033
20187,13.359920239282152
20189,1.8596171376481312
20191,3.8798388509371167
20193,4.166130898804166
20195,5.101676774884053
20197,3.0875775501370653
20199,0.0
20201,6.048834628190899
20203,6.512505899008966
20205,4.140762463343108
20207,0.0
20209,18.513078118105046
21001,27.08051244662014
21003,9.519117992024396
21005,1.2836857607596608
21007,2.091784989858012
21009,6.036294605527809
21011,2.336
21013,8.497234173325138
21015,4.323219619556673
21017,1.4756418031129976
21019,5.725844428271758
21021,0.036593479707252165
21023,2.191978802842346
21025,1.3064133016627077
21027,2.7298920740342822
21029,3.171066163866987
21031,27.230375029117166
21033,3.0360084725817837
21035,4.461424066049589
21037,3.97396990938622
21039,5.147058823529411
21041,7.327626751951839
21043,2.16815315147218
21045,15.279410854632095
21047,6.2743929265834995
21049,4.960979510796128
21051,5.924325410783378
21053,5.549031121550206
21055,3.554394730865319
21057,0.8315693982461446
21059,5.055609736875807
21061,22.641975308641975
21063,0.3724890248769456
21065,0.0
21067,4.725330494627915
21069,0.21946368561827034
21071,1.9556604568827445
21073,4.238002784805161
21075,7.60596414809851
21077,18.75070470177021
21079,2.5359447526321746
21081,5.2614783198372495
21083,18.18279396769173
21085,13.020774208196162
21087,11.031898363952108
21089,3.552908997663685
21091,6.15684476037606
21093,2.8623443104598136
21095,7.066512879661668
21097,0.4447739065974796
21099,1.6548463356973995
21101,6.963061269630614
21103,2.43085700111621
21105,3.8356164383561646
21107,21.933043906368884
21109,28.336709430564934
21111,9.335030524664267
21113,3.8214912685946594
21115,2.3706508022354424
21117,6.653971903855135
21119,4.849385384303661
21121,5.082677797399262
21123,1.6460619530490346
21125,2.438623320671567
21127,0.770385845792257
21129,12.02215318114278
21131,0.7087172218284904
21133,1.3362408945390434
21135,16.46704331450094
21137,9.32420872540633
21139,3.067217750706983
21141,19.843553981255997
21143,12.241169305724727
21145,3.797120058699441
21147,0.5281179269920492
21149,12.381883349625285
21151,1.9766203877961437
21153,0.4193734067922046
21155,6.859336896175998
21157,4.186495176848875
21159,5.573916927199642
21161,3.040421792618629
21163,2.48145037099258
21165,1.4023732470334414
21167,2.67633246705877
21169,5.709462814020455
21171,11.183098591549296
21173,2.766629967681216
21175,0.0
21177,10.058128143165044
21179,2.037505677762637
21181,3.7969459347915806
21183,7.997832791531216
21185,7.076453240317969
21187,3.0180717365379324
21189,5.889014722536806
21191,0.36326250856751197
21193,5.411910862644615
21195,3.051351164558712
21197,0.0
21199,3.137936871912464
21201,9.250474383301707
21203,2.5097334531296798
21205,0.776778413736713
21207,8.882441555543156
21209,3.661146586204477
21211,9.51778720626632
21213,8.238208055136766
21215,0.7493152808640381
21217,4.163917885831813
21219,10.826419391573125
21221,0.5460378131185584
21223,0.0
21225,4.394687434809819
21227,6.702985793402359
21229,2.8772219925589084
21231,1.0475581566910932
21233,5.408746716118065
21235,2.073681888374145
21237,0.7964230822970519
21239,0.10847609785292138
22001,30.75993230719639
22003,36.64884691926484
22005,16.50737733404948
22007,22.39276414965054
22009,25.25159426066162
22011,17.56140491239299
22013,57.797749414696774
22015,17.147490140822896
22017,33.118932240928544
22019,19.094948779960284
22021,9.850776366202863
22023,4.531765380754338
22025,23.372656414577627
22027,28.755583918315253
22029,17.114076535645673
22031,26.624913520008743
22033,21.54392933674803
22035,14.429383471797113
22037,69.98170891037367
22039,16.220991166342266
22041,40.259805146140394
22043,20.693197552369465
22045,26.545897178862955
22047,41.195287748761956
22049,32.04395325203252
22051,32.09115523257024
22053,24.03085947462382
22055,10.014730553623306
22057,27.74294670846395
22059,11.804995970991136
22061,19.462153951478328
22063,10.955401345275554
22065,15.697196603049951
22067,18.38063841762483
22069,16.164369201740133
22071,38.193333743438316
22073,20.58272822761109
22075,20.84321248437298
22077,40.943396226415096
22079,22.270301123040852
22081,49.834162520729684
22083,15.321538614451843
22085,12.116898341986266
22087,14.918296503259674
22089,27.35969868173258
22091,6.198183971575207
22093,41.34433067880167
22095,58.27205453229685
22097,31.999171983829335
22099,22.94735266044057
22101,31.936451325281674
22103,22.109369900045696
22105,16.724053488475636
22107,6.875865251499769
22109,21.427472139488145
22111,42.441650081418494
22113,16.607013829376083
22115,17.894115414619748
22117,31.882928518855262
22119,16.724047991653627
22121,35.590402418288306
22123,21.855955678670362
22125,29.952466598150053
22127,24.11536248561565
23001,2.583189412340571
23003,0.4086197897248527
23005,5.551807947715786
23007,1.3311699062882878
23009,0.8201938640042192
23011,2.490556164249154
23013,0.8573871065070904
23015,0.5716925564474216
23017,0.746873652436395
23019,0.9365880589951889
23021,0.1906464104855526
23023,0.027889335118250782
23025,2.897947864669994
23027,9.334004784086618
23029,0.2262659740590841
23031,2.2534085272176494
24001,12.029936378095888
24003,10.094020723921593
24005,16.916373569261637
24009,7.373142393947582
24011,3.5562473807100523
24013,17.528362036723717
24015,8.126974867531962
24017,14.126193670102966
24019,6.483134454571079
24021,12.100313238064782
24023,3.1777762459502314
24025,7.087350895118638
24027,8.218244342779943
24029,28.36988981567295
24031,18.670528263385517
24033,20.696515115024628
24035,10.859252495980627
24037,11.032508149061757
24039,4.85633978763273
24041,3.1467685107985264
24043,6.748803368443353
24045,10.731693192676312
24047,11.173387405310278
24510,17.947058922644022
25001,18.633738673177145
25003,11.013734152900499
25005,28.717289111969386
25007,0.0
25009,38.14322323245893
25011,23.147620404673695
25013,40.02448689029359
25015,20.12248958527638
25017,31.48906836822508
25019,3.131853671374682
25021,35.72155212054756
25023,34.950172869635956
25025,33.54803478511818
25027,30.59574632022749
26001,6.246996636232581
26003,1.339481774264383
26005,2.6380196644676115
26007,11.818341841225138
26009,1.354827645343852
26011,8.996842034536048
26013,13.643561944207578
26015,2.4809098294069862
26017,13.055873397591297
26019,4.390408645727795
26021,12.58987881434932
26023,6.785853804260404
26025,11.156910829687163
26027,7.693050379438855
26029,3.197796733351184
26031,6.124386770058553
26033,1.0174301855471364
26035,7.308562197092083
26037,4.976443243922358
26039,9.017036139425477
26041,13.248938072881735
26043,13.641586433693886
26045,4.063735625929554
26047,6.182852012569205
26049,20.491457888239164
26051,4.452041337577115
26053,12.851520572450806
26055,3.0573221038157445
26057,11.375303971899486
26059,16.213134524723166
26061,3.4553301199417104
26063,5.893934992414706
26065,4.792651313584536
26067,3.771426804952316
26069,15.441556890993752
26071,23.775528646303997
26073,4.9633615754522555
26075,8.611444072929153
26077,9.320320222133356
26079,5.854307572901652
26081,7.300652251676294
26083,4.300567107750473
26085,2.3538344722854974
26087,11.707968541326606
26089,1.3188732135471715
26091,4.1695869010980084
26093,4.425636084273028
26095,0.0
26097,0.41670525048615614
26099,29.74980891836352
26101,2.7241632054727587
26103,6.3434234396317795
26105,2.288635739774911
26107,2.3174464363795364
26109,4.956101843722563
26111,4.283515320602241
26113,3.234554835295674
26115,6.599335548172758
26117,4.068056599048334
26119,2.240566037735849
26121,12.057084912943779
26123,2.4928542262147815
26125,23.846677438644257
26127,8.22911550232365
26129,7.08672667523932
26131,11.73076923076923
26133,2.161125319693095
26135,7.948064555272419
26137,12.445273228474136
26139,6.857074324092793
26141,2.509529860228717
26143,5.391565011032933
26145,20.56691805877012
26147,9.74687044391936
26149,5.865756840102356
26151,6.876366286130678
26153,1.927353595255745
26155,11.59243709814744
26157,16.998755861804955
26159,6.551528205399262
26161,7.989096874056381
26163,41.850969192433965
26165,4.2966310844161635
27001,9.524109278610098
27003,9.453072248480757
27005,3.6719635127676264
27007,3.4330762058150373
27009,8.770084863899827
27011,2.364255660188339
27013,2.4241349238023444
27015,5.422264875239923
27017,3.3787739399514924
27019,1.5995965324629597
27021,3.9356593572651866
27023,7.847457627118644
27025,1.9388819173191467
27027,16.05680296471614
27029,5.250623724200499
27031,0.0
27033,2.563415505537692
27035,6.997156252401814
27037,6.884278391966826
27039,0.34871500907614406
27041,6.074827613329488
27043,1.4795283087966014
27045,0.009493520672141263
27047,2.688154288167498
27049,6.691842900302116
27051,12.273945077026122
27053,17.09224603683079
27055,1.747311827956989
27057,7.198362105067238
27059,2.9855158143659475
27061,8.032350986040328
27063,2.1633150517976842
27065,9.340760237497705
27067,4.875112849834487
27069,12.308050255932992
27071,6.043012511243765
27073,6.8398006945492975
27075,3.9939855276759704
27077,3.2085561497326207
27079,3.5483089278914393
27081,1.0108175208370278
27083,5.652822485671665
27085,3.6580948931546544
27087,8.594174054640854
27089,6.019708654670095
27091,14.10862165320327
27093,4.96511928343812
27095,9.719526582182137
27097,5.762894626490145
27099,5.069642054815036
27101,5.186721991701245
27103,11.206745638093015
27105,16.96795968375792
27107,5.9450980392156865
27109,3.8687749932087963
27111,3.5542845470329896
27113,3.952121255046391
27115,1.5348727137496196
27117,24.863028709182554
27119,7.253539089401862
27121,0.7911814383500755
27123,13.78268319762466
27125,5.7953144266337855
27127,9.808833223467369
27129,16.201539730547154
27131,4.921459714507556
27133,6.838432635534085
27135,2.453016815034619
27137,6.299291706434923
27139,4.489541180970788
27141,4.228799440547934
27143,3.9354187689202824
27145,6.653422318795592
27147,1.7572102922317119
27149,2.723100458949516
27151,7.381826030649687
27153,5.218131689912423
27155,1.963792574409328
27157,0.40227493411014015
27159,3.5594211372606344
27161,6.205673758865248
27163,6.036046334400244
27165,5.276681655501514
27167,14.90252940228774
27169,10.163616195230173
27171,2.8104381508487686
27173,8.888660006179833
28001,25.8528003127749
28003,7.173977755527291
28005,15.987639261608521
28007,33.39936172554198
28009,15.595108366630342
28011,39.43450437508162
28013,16.140937260636445
28015,28.842867196139537
28017,32.579079693621004
28019,14.933008526187578
28021,33.6559857587895
28023,55.48548999420887
28025,20.01449575481466
28027,24.444042668595188
28029,22.458578300374132
28031,26.652715174930243
28033,6.832842196328638
28035,20.223773982936567
28037,9.555296253079216
28039,12.220408163265306
28041,23.56837921389666
28043,31.134984102514697
28045,11.935253611017803
28047,6.693579392541331
28049,12.940389924085578
28051,70.02351557907114
28053,40.6374007936508
28055,40.16578749058026
28057,20.307823856348868
28059,10.564208972475402
28061,18.519196728315936
28063,24.334763948497855
28065,20.174335010783608
28067,22.636494463860906
28069,35.23917060151919
28071,13.030600344323293
28073,10.103721011003582
28075,35.49005059021923
28077,16.20848561894168
28079,31.37891687878522
28081,15.084975888384289
28083,59.23783841322783
28085,33.774485403917666
28087,17.170407031316664
28089,16.183943089430894
28091,28.299352948357953
28093,13.903213010710036
28095,38.168047202995574
28097,34.21994884910486
28099,74.01607253245415
28101,20.120848796269865
28103,28.578285494864165
28105,19.948776897170628
28107,18.16506785212915
28109,21.255064373818314
28111,27.83763467802556
28113,23.99205864386072
28115,10.918754273637097
28117,14.494945474806972
28119,11.793286219081272
28121,9.206484147071894
28123,18.677997439908975
28125,45.68386947465864
28127,27.66148998424488
28129,20.67730585574265
28131,10.754799301919721
28133,30.569494225408206
28135,25.620971829965967
28137,23.710320963242822
28139,21.276402452873043
28141,28.30831140690296
28143,27.086794019933553
28145,15.25941349991324
28147,30.827383452330952
28149,20.17584451642758
28151,31.888678858548364
28153,20.546994995788534
28155,28.165961399525237
28157,45.07531865585168
28159,22.55639097744361
28161,27.816319788569544
28163,17.80397440215561
29001,0.5445290612792487
29003,4.9062782294489615
29005,3.616566206494264
29007,5.380494721915865
29009,5.968314286512615
29011,3.3690658499234303
29013,5.212713331684393
29015,4.551766702669341
29017,5.142998434022913
29019,1.4025035602865963
29021,6.99716130213818
29023,2.474221950185979
29025,2.771618625277162
29027,2.3579107346400554
29029,9.43310657596372
29031,7.8520622281954084
29033,6.026039866344049
29035,9.66232029421598
29037,4.686141047456986
29039,3.122168792250331
29041,0.6329113924050633
29043,2.3601783396354197
29045,2.9571869942621745
29047,3.3626994414838287
29049,14.342473144651002
29051,5.778878102808001
29053,4.201253599864476
29055,4.51505016722408
29057,5.118370585901336
29059,4.182960066358573
29061,6.293790770717565
29063,7.244759703514784
29065,2.452963462402877
29067,10.087220326128175
29069,5.990182280045313
29071,8.691219329210229
29073,17.917856657146743
29075,31.63901993608279
29077,5.8590311376183095
29079,12.85279187817259
29081,3.9990421455938696
29083,6.644061583577712
29085,5.134115674769489
29087,6.768112650465592
29089,2.34976502349765
29091,5.157414562404965
29093,0.37530864197530867
29095,7.421932231501356
29097,9.766912831333245
29099,5.730825791603912
29101,2.9188709259738816
29103,2.7027027027027026
29105,7.353805671416175
29107,8.429130487954017
29109,7.448833268152784
29111,3.9995908346972175
29113,1.7640180977072848
29115,6.870805369127517
29117,7.217442700466277
29119,8.731444585541007
29121,1.4487001389164516
29123,4.500330906684315
29125,2.460618604116362
29127,6.6070802663862604
29129,1.0229471938070225
29131,7.646668488231391
29133,5.007587253414264
29135,8.709397470865362
29137,3.1351226284127716
29139,3.445589126482556
29141,4.6104620158045275
29143,15.144061841180603
29145,6.047805481145683
29147,5.354879594423321
29149,0.7408110931712414
29151,3.0848329048843186
29153,2.0710704163941576
29155,15.412844036697248
29157,6.840510033444816
29159,7.758803939630128
29161,8.547775559195028
29163,5.245328379412086
29165,2.180658507153939
29167,3.499331238918785
29169,3.282833083049784
29171,3.2793867120954
29173,1.2804345717334367
29175,2.800226280911589
29177,1.5335824137631417
29179,1.9617224880382775
29181,3.7176399759181216
29183,7.350095268418146
29185,1.5430456528679366
29186,1.872135911478708
29187,5.919809566317042
29189,17.937045176799554
29195,8.250955581916436
29197,0.8369098712446352
29199,4.916360669114647
29201,12.748171368861025
29203,7.996571148665198
29205,2.1079258010118047
29207,10.149870801033591
29209,4.544316474712068
29211,6.782722943011989
29213,8.392933771992562
29215,2.748247893534924
29217,3.0248504595632935
29219,0.8106819265617549
29221,9.203396684189244
29223,1.8799036743571818
29225,5.25611234592847
29227,0.6954793840039741
29229,5.352944392804418
29510,15.08004631108272
30001,3.395747381783561
30003,39.102034687288835
30005,16.015566531956292
30007,0.9299342632675965
30009,2.955710955710956
30011,16.293929712460063
30013,5.798490770100533
30015,2.3247559893522625
30017,5.332397824942992
30019,15.207100591715978
30021,10.112620457448044
30023,6.192560175054704
30025,1.4406184118060434
30027,4.108597285067874
30029,3.6269579793075546
30031,1.562472691682542
30033,6.756756756756757
30035,10.375917981531302
30037,0.0
30039,1.9236460491269605
30041,12.83669012375637
30043,0.5073234596186892
30045,0.0
30047,2.8399763608904065
30049,2.0192418481391865
30051,2.396234488660676
30053,4.1991991991991995
30055,0.0
30057,4.174418604651163
30059,27.604726100966705
30061,0.0
30063,2.3118729096989967
30065,6.971724584502483
30067,0.9333975671444056
30069,6.981519507186857
30071,10.54628224582701
30073,2.9267467433598373
30075,22.11652794292509
30077,2.539912917271408
30079,5.571030640668524
30081,2.342144911655937
30083,6.313061186707396
30085,25.872410032715376
30087,27.98478236544702
30089,1.7997193098324114
30091,4.110003022061045
30093,4.067019905484749
30095,5.5382700684505295
30097,10.034787262510035
30099,2.5866276232308443
30101,36.27533783783784
30103,9.913793103448276
30105,5.70578691184424
30107,15.710253998118532
30109,14.963880288957688
30111,8.221946683199008
31001,10.866307432324714
31003,4.00127024452207
31005,0.0
31007,0.0
31009,0.0
31011,1.7719568567026194
31013,3.2365760919966617
31015,5.83637311099531
31017,1.5905245346869712
31019,5.561932378823577
31021,3.6383341074469735
31023,5.1771457085828345
31025,2.5525754343188054
31027,2.6898357533920496
31029,3.6442405708460752
31031,8.068201792933733
31033,3.692480359147026
31035,3.724004513944865
31037,13.90419273508264
31039,4.126158715803753
31041,12.406049921128329
31043,46.454609008289225
31045,9.349167539876586
31047,12.032210214028396
31049,0.0
31051,8.907026259758693
31053,9.74155613291399
31055,7.659536482609784
31057,13.703484937979917
31059,7.726107652874405
31061,3.591809331990601
31063,2.2078416444613627
31065,8.511548331907614
31067,5.83833031190443
31069,0.0
31071,6.856272219400711
31073,2.613065326633166
31075,14.285714285714285
31077,0.8488964346349746
31079,20.88406434893159
31081,31.113256113256117
31083,0.0
31085,0.0
31087,2.896451846488052
31089,5.950134101519818
31091,13.78299120234604
31093,18.138091543832427
31095,0.04257734885041158
31097,2.839676592388089
31099,1.539645881447267
31101,0.597460791635549
31103,0.0
31105,3.3865638766519823
31107,1.800288046087374
31109,2.5259331223165877
31111,4.531133642664834
31113,0.0
31115,0.0
31117,0.0
31119,6.846348898829026
31121,5.209542230818827
31123,6.053425247738044
31125,5.314009661835748
31127,2.438324727481354
31129,0.9643201542912248
31131,0.9492880339745191
31133,0.7654037504783774
31135,48.21860947768938
31137,3.398273190170467
31139,18.53665360940123
31141,6.289214221691067
31143,11.145213888356032
31145,2.0048489369638194
31147,7.1328671328671325
31149,10.611643330876934
31151,3.451912260967379
31153,3.104767195880254
31155,3.9670034294188525
31157,6.774664495479814
31159,5.484841471881509
31161,6.385817765916888
31163,11.362879040319894
31165,0.0
31167,2.060810810810811
31169,1.8588846691984808
31171,0.0
31173,11.018826135105204
31175,3.0543530543530544
31177,5.181147185102996
31179,2.951518380394246
31181,4.4737596788069975
31183,0.0
31185,2.631771328313473
32001,5.57629772371432
32003,11.673589313169057
32005,0.9426439014415705
32007,4.020614650043579
32009,0.0
32011,0.0
32013,6.559325054958114
32015,7.465654374548084
32017,1.0997491800115764
32019,3.7419579203616764
32021,3.3962264150943398
32023,6.8933645723620565
32027,1.1301115241635689
32029,1.3824884792626728
32031,8.314829306984448
32033,2.338204592901879
32510,2.932970884898777
33001,2.924816077516598
33003,0.5847474953997137
33005,0.981796674771637
33007,1.4542343883661248
33009,0.4405580401842334
33011,15.748696121335652
33013,3.966550191226691
33015,7.585652534630643
33017,2.642517587439621
33019,0.9317202058128216
34001,22.12348769294952
34003,53.12389374835068
34005,25.184967295312216
34007,27.0084565552618
34009,23.25101315746586
34011,23.56430611193965
34013,64.34394067398856
34015,18.358501693892386
34017,54.04771925858615
34019,22.058196846531747
34021,40.2152791007811
34023,40.41284170159333
34025,32.75252708893899
34027,40.32571236873405
34029,40.5766931385111
34031,59.00451550935982
34033,30.467259757954636
34035,41.235323803559375
34037,33.27615169978931
34039,58.72189897922318
34041,38.266503272630544
35001,6.622972931186048
35003,8.222285228239297
35005,6.331347210400063
35006,20.667291471415183
35007,4.153755966836949
35009,4.281570453895494
35011,0.0
35013,7.681660899653979
35015,6.489907629148135
35017,2.414993703237277
35019,4.837209302325581
35021,0.0
35023,8.956646021915198
35025,6.827071900942733
35027,3.9188636828121806
35028,0.0
35029,10.35049981019866
35031,74.55406560455113
35033,0.22119000221190005
35035,4.73107126981775
35037,6.191687871077184
35039,7.011638960972226
35041,7.010810810810811
35043,7.812031509799111
35045,36.6317623711257
35047,0.3336144004106023
35049,2.1255935833144894
35051,7.172643869891576
35053,16.535433070866144
35055,5.0820523790606
35057,1.9403660824008795
35059,11.061837891106183
35061,3.2247548508241186
36001,9.886221547203656
36003,7.977696296457008
36005,87.205323341374
36007,11.505186678425938
36009,3.8204343313583036
36011,1.2941391558712914
36013,0.9534841571909253
36015,4.500575153374233
36017,3.4549960810896687
36019,1.483506243399391
36021,19.900438943172833
36023,1.4354469220907506
36025,2.5625920471281294
36027,13.60929650803146
36029,17.333912411206246
36031,4.543852514572319
36033,0.9535804246131702
36035,11.889552853904801
36037,3.5719273743016764
36039,7.2963465287785025
36041,5.41213768115942
36043,3.3448034051435935
36045,0.2849755084946374
36047,71.94628077704508
36049,5.704289625798601
36051,2.678259210986426
36053,4.224637374719838
36055,8.738692586650847
36057,4.652485727636578
36059,41.765640522240005
36061,48.80524784706387
36063,10.708568861960712
36065,12.400348098359652
36067,9.635244762533441
36069,6.049536788216111
36071,26.877435444484853
36073,30.930313243457576
36075,1.1603087326252517
36077,1.9918309717109575
36079,16.36899918633035
36081,79.76908926826802
36083,6.32458384263518
36085,57.67973066914771
36087,40.36907323451682
36089,1.5537404863560424
36091,1.864153865563401
36093,6.972356550911468
36095,1.9129649343527213
36097,1.667883416633908
36099,1.9255644402634053
36101,13.261829123811323
36103,34.11348089294265
36105,11.894156326227595
36107,13.76677800136921
36109,0.2564102564102564
36111,11.8942632044286
36113,11.28018265982735
36115,5.615646036206784
36117,1.7148957939455949
36119,38.345498632566624
36121,3.542487267618355
36123,6.004897041705134
37001,7.951790170433429
37003,4.211003546950423
37005,0.8889287959055401
37007,5.9478033216068065
37009,2.2240194096239385
37011,2.7681266731218317
37013,10.331106098650892
37015,13.928326384124134
37017,8.107695128659618
37019,4.64150679176586
37021,6.500989697194773
37023,9.84141017848262
37025,6.981192221868026
37027,3.9280586044926866
37029,4.674703229962271
37031,2.239719027535877
37033,3.742700407007609
37035,6.837312207381966
37037,16.512689673694105
37039,6.430868167202572
37041,10.313418919888116
37043,3.739649185290713
37045,12.111652220078206
37047,21.865316711104708
37049,7.778615416246487
37051,4.9450238294650815
37053,1.8477830205669417
37055,1.540165905590532
37057,4.620276954101509
37059,3.584932082341409
37061,17.49714849934458
37063,6.350470313044345
37065,16.0631022691949
37067,5.341947972115775
37069,9.90744062567267
37071,8.553906176930374
37073,6.936516173672374
37075,10.330529558109228
37077,14.759360058236688
37079,10.024206179695287
37081,7.449913808188781
37083,7.962407518496301
37085,8.901570865446844
37087,8.458366095928879
37089,12.37640205421702
37091,21.759513451873126
37093,6.416337762972082
37095,11.322665586388494
37097,3.459731802030736
37099,3.1112021484819516
37101,5.84410931551216
37103,22.061789998938316
37105,5.86930834102203
37107,11.10118143309085
37109,2.75922936674757
37111,9.998688696564386
37113,2.309108148809192
37115,4.045047115605608
37117,11.194295900178252
37119,6.183422253763657
37121,4.136594493450949
37123,20.097155264416884
37125,7.403846153846154
37127,10.616343930942332
37129,2.8395593522495126
37131,22.11158445824565
37133,2.4148975941961623
37135,8.295616800021552
37137,3.206034889203206
37139,14.63188027320209
37141,2.776720583571202
37143,5.058307955136299
37145,3.742719675867308
37147,3.2361045025505972
37149,9.052306504535803
37151,8.20299720882318
37153,9.364473889669632
37155,11.843827751196171
37157,2.8821008680364795
37159,13.583131580429031
37161,11.915737964164764
37163,8.199146873180023
37165,10.493064928351952
37167,14.80272585421775
37169,3.364699173082407
37171,6.654778986668153
37173,4.428561418260809
37175,3.2426930347535263
37177,10.308764940239044
37179,4.914970878724584
37181,22.57774783877849
37183,3.906505085175681
37185,6.999138411636512
37187,12.288428324697755
37189,1.1161151360877226
37191,12.042458844645134
37193,9.11535987838391
37195,13.345802618549897
37197,5.431810337961611
37199,1.034921689080746
38001,1.3537906137184115
38003,8.401344215074412
38005,19.437939110070257
38007,0.0
38009,24.434893346068133
38011,7.572751322751323
38013,6.288416075650118
38015,11.442494719009474
38017,11.094254162475332
38019,4.704944178628389
38021,32.060755336617405
38023,5.34452296819788
38025,11.889692585895117
38027,17.88369042413642
38029,29.21937673557544
38031,22.772585669781932
38033,0.0
38035,5.917841355776015
38037,17.810026385224276
38039,8.068130883012103
38041,8.563425370148058
38043,15.604838709677418
38045,24.369747899159663
38047,18.81081081081081
38049,25.918189730200176
38051,26.471766119343208
38053,4.219914802981896
38055,13.417989417989418
38057,5.484304385000611
38059,20.54584874378268
38061,9.947842579421527
38063,20.66689822855158
38065,6.9423175089331295
38067,5.013968534039112
38069,15.974842767295597
38071,7.709002517579651
38073,9.35224223840552
38075,18.26385904598195
38077,4.599122210545837
38079,9.128103837471784
38081,7.593637762955361
38083,8.365019011406844
38085,16.335697399527188
38087,0.0
38089,12.258248912318589
38091,3.7566137566137567
38093,14.852202472952087
38095,26.678848789401556
38097,9.606769537083126
38099,8.45785170566676
38101,12.934462825800919
38103,5.346896191966614
38105,5.397855755673202
39001,4.08693768503141
39003,14.465906537307891
39005,4.128337446713036
39007,11.540399625672299
39009,0.9199871416106663
39011,7.7054494480462585
39013,8.88278661612393
39015,1.6992079572665315
39017,5.601434485062668
39019,5.595600802556291
39021,2.4585315674424586
39023,8.207602753518344
39025,2.8683124382351233
39027,5.716260007624857
39029,17.85675726077952
39031,5.166666666666667
39033,5.595989781655179
39035,10.713626412063427
39037,19.13211903038366
39039,8.483209494053089
39041,2.7689468727441353
39043,13.25774917189562
39045,5.835988170637288
39047,5.710780017528483
39049,9.522796934283953
39051,4.631344063048949
39053,6.023814301959997
39055,11.474762143749533
39057,4.619473531553182
39059,4.388424437299036
39061,8.22803933585574
39063,5.511790243194384
39065,9.950581858759765
39067,2.6263297872340425
39069,9.438643264459749
39071,3.2506197724797845
39073,8.18001698273422
39075,7.759326660600546
39077,4.098445062300484
39079,3.831795884367383
39081,2.7125908916953696
39083,4.0900484580084076
39085,4.746490317142373
39087,6.366984511376822
39089,6.706358629892232
39091,2.6339989490278506
39093,6.695542437377555
39095,19.739791011047092
39097,6.7805325165992265
39099,27.476900338022503
39101,17.365922603044876
39103,5.664103790904944
39105,6.011262932727987
39107,14.055668901194988
39109,11.115369157000384
39111,29.830086421561447
39113,5.975508146710377
39115,4.7353184449958645
39117,1.171875
39119,1.3373542886968626
39121,9.019689406544648
39123,15.030228254164097
39125,4.284490145672665
39127,4.455637349864394
39129,17.85585986280514
39131,0.6049258245715109
39133,10.186746765477084
39135,6.083361870749964
39137,18.894893830660642
39139,3.909899796952639
39141,7.757023974121514
39143,8.61102566731604
39145,2.445760416390047
39147,4.666714995106745
39149,4.229265280922
39151,10.390549532387496
39153,11.478836922587812
39155,14.049824724458768
39157,7.867416047919814
39159,1.461314165593002
39161,5.07869142351901
39163,5.88460068781047
39165,5.043435264831502
39167,9.63095257965983
39169,15.014259787399533
39171,4.025400632290418
39173,13.742862166232218
39175,11.974095168105823
40001,9.070018924033523
40003,1.227639424763241
40005,1.2356447158017154
40007,2.1464884202598378
40009,6.368086371746191
40011,2.057482235655955
40013,3.904573393061777
40015,17.012029761490858
40017,2.5346243577468206
40019,3.487767870133649
40021,2.8444006001192017
40023,3.1761177753544168
40025,0.6083294337856809
40027,6.487356257085919
40029,1.8198362147406733
40031,3.1967138444210716
40033,12.848570420049418
40035,2.128411822938764
40037,8.801487654148374
40039,3.7892631796710687
40041,14.071473412541561
40043,3.16908607646698
40045,0.1295672454003628
40047,6.290946016771488
40049,5.102666811013677
40051,4.986209119891106
40053,6.438956842834063
40055,34.90896358543417
40057,0.0
40059,5.043383947939263
40061,5.42488318682189
40063,5.9341817907975
40065,11.459437423562985
40067,1.7994001999333555
40069,4.817320703653586
40071,7.956268087647572
40073,3.5267998731366954
40075,6.982085438677078
40077,5.063039809391443
40079,5.7910256153090085
40081,7.595263354072884
40083,0.9664451896440398
40085,1.462986442992295
40087,4.921678114345012
40089,19.027168615984404
40091,6.817717901612575
40093,5.400445667846376
40095,1.98452542673203
40097,6.236009732360097
40099,2.849427982661835
40101,7.431210200450019
40103,4.581798580540832
40105,6.153235410877332
40107,9.388810139247894
40109,5.257488394023832
40111,4.669179773820356
40113,6.996997636437195
40115,6.810807337681113
40117,6.393502686858818
40119,2.381883987087939
40121,6.950107664818803
40123,3.2415630550621666
40125,3.9136543971787527
40127,4.767483777937995
40129,12.419759977672342
40131,9.181366876128878
40133,6.200016489405557
40135,4.960427241453968
40137,3.62283568597455
40139,10.253715658309563
40141,8.37241379310345
40143,5.74689357104268
40145,7.885445755268241
40147,19.554796514448736
40149,1.2183950164895567
40151,1.3647219379051518
40153,3.151749047548365
41001,2.313321756387993
41003,1.726972800447057
41005,2.9704414532254706
41007,0.11684566428003182
41009,0.7888604500133706
41011,0.29153162652937803
41013,1.9832814292738896
41015,0.6499454743729552
41017,1.051130040669324
41019,1.4741394845918183
41021,1.202928870292887
41023,0.5973051812751772
41025,0.6086838901663736
41027,1.0991360875887435
41029,1.1093308711709755
41031,5.649282180225485
41033,0.9407111913770045
41035,1.0390105219965415
41037,0.9658152242978777
41039,1.2393114296707122
41041,4.447380008806693
41043,2.7607149188047693
41045,16.3455562461156
41047,6.131080047611107
41049,7.696285443419805
41051,4.258078008992994
41053,4.054132543416391
41055,0.0
41057,0.0
41059,9.004490057729313
41061,2.433389230482579
41063,3.870699223085461
41065,6.941008919871074
41067,2.192183406694238
41069,0.15015015015015015
41071,3.1615312791783383
42001,6.077138890776534
42003,6.93041787104918
42005,6.8355603614737
42007,17.564311378706634
42009,6.8493150684931505
42011,22.391752381495095
42013,5.453545543343539
42015,4.896971304477563
42017,23.489264169863276
42019,4.629683848541147
42021,5.115521691040924
42023,1.2143017764785249
42025,13.22956592190957
42027,3.593312190165348
42029,16.323199152744152
42031,3.5459701337218377
42033,1.8711753201690744
42035,4.022571961068544
42037,14.526506988485929
42039,2.421155868555696
42041,8.673481469787268
42043,14.24223586861613
42045,30.57113668003536
42047,2.2133065864259445
42049,3.5469065132281408
42051,2.5705091511054037
42053,1.6558575962467226
42055,9.987937585065827
42057,4.473503097040606
42059,1.1453647227665387
42061,9.3367889420521
42063,5.829457733160467
42065,2.4087507196315485
42067,9.001332633364294
42069,24.612493680666176
42071,19.250756792811018
42073,8.718074656188605
42075,11.047795025142285
42077,21.83727844296785
42079,16.20707145490002
42081,6.247186647719751
42083,1.5458461538461539
42085,5.330640444509431
42087,6.8078373574927395
42089,18.54044435047659
42091,25.140236967680206
42093,8.337904552934724
42095,23.3486741896916
42097,15.704016820228306
42099,3.7452455048409403
42101,26.784523857621917
42103,9.98942822842194
42105,2.2207430715236596
42107,13.716141172475755
42109,5.610323986921629
42111,2.6563372227592685
42113,1.6650181338608638
42115,15.837631422336838
42117,4.7990933950875805
42119,4.062506956347528
42121,1.9065287755585378
42123,1.2604934806460668
42125,3.6961303265414642
42127,4.844142442709449
42129,6.579554541572202
42131,9.834291259237142
42133,7.4763170904426595
44001,8.931702386600383
44003,14.947775911182529
44005,1.080626690382788
44007,29.777863337355676
44009,12.018920662223177
45001,9.825906144249196
45003,7.958588885247436
45005,15.181860036832411
45007,14.162363372466158
45009,36.542016209299014
45011,14.521230710246332
45013,7.5519721843412
45015,7.074376829145222
45017,18.408575551432694
45019,10.692843565723397
45021,13.823734729493891
45023,12.870611586651782
45025,15.35815991237678
45027,41.23870202993036
45029,21.989542691827907
45031,15.638416043711908
45033,22.9994422389186
45035,9.099619799888213
45037,11.162876008804108
45039,32.04009486731999
45041,24.019292371992798
45043,13.029674537332484
45045,11.190315199162628
45047,14.877632006326703
45049,22.234939132244303
45051,10.827466031783688
45053,11.568516609583348
45055,13.000555964598579
45057,9.25192833530588
45059,14.640036744551288
45061,42.10244830045163
45063,10.969707112970712
45065,11.529113388988693
45067,18.9646736471279
45069,8.2088980779539
45071,16.480228928199793
45073,6.048072813214995
45075,22.574992747316507
45077,7.989975095362693
45079,11.034277069167473
45081,15.869682020221756
45083,11.635942899135356
45085,13.96070126779172
45087,9.844047444721042
45089,26.791359325605903
45091,5.477989458286918
46003,10.577971646673937
46005,16.88072400151737
46007,14.918276374442794
46009,13.88204608027822
46011,3.6291587079852894
46013,5.479028811246427
46015,6.437606192184256
46017,43.17023445463812
46019,8.783200690382586
46021,6.90406976744186
46023,3.583727938011192
46025,2.0610278372591004
46027,6.929637526652452
46029,11.457031668392302
46031,8.272148800783162
46033,5.962995987516718
46035,11.671302149178256
46037,11.670353982300885
46039,4.780510227533901
46041,5.346232179226069
46043,14.54981170831907
46045,4.126403760773048
46047,11.500074482347683
46049,26.837755545889518
46051,12.180941576857629
46053,34.16965352449223
46055,13.270142180094787
46057,13.692407527579494
46059,3.4158570980883733
46061,4.5178105994787146
46063,0.30816640986132515
46065,8.518772110007989
46067,8.819092031271431
46069,0.3074558032282859
46071,15.9688995215311
46073,59.26477893691009
46075,0.0
46077,12.046973071471957
46079,10.111744940220364
46081,5.776969509363875
46083,5.645530689700301
46085,21.687384289870405
46087,18.65377730039384
46089,2.437999159310635
46091,4.093211752786221
46093,4.750811802908372
46095,4.2212518195050945
46097,12.815884476534295
46099,12.097818095208508
46101,9.717153284671532
46102,11.934824010721591
46103,8.466710613052078
46105,6.701570680628273
46107,3.251277287505806
46109,12.343659803732923
46111,5.07679180887372
46115,13.676286072772898
46117,1.7430600387346677
46119,9.345794392523365
46121,13.510857816645377
46123,7.333210806836979
46125,32.00143129770993
46127,13.036655787095155
46129,14.590616375344986
46135,5.229245200315596
46137,13.388969521044993
47001,4.057003299644054
47003,8.46056363526643
47005,10.878712871287128
47007,4.786245353159852
47009,4.699897811974033
47011,3.9996300064748866
47013,4.768836905777822
47015,2.255075623381932
47017,13.155904490942486
47019,10.214395914241635
47021,4.893402513094155
47023,12.059894779441521
47025,3.0507838167652306
47027,20.196979645436638
47029,7.090878791245417
47031,6.5552016985138
47033,22.557976106816586
47035,6.457369464639788
47037,8.826554720634336
47039,12.072365600617337
47041,11.220107369448511
47043,6.050270630977979
47045,12.669878091444872
47047,9.824228721464518
47049,8.44895535280462
47051,7.505686125852919
47053,12.527222030000203
47055,16.16549008960087
47057,4.819897084048027
47059,10.728402032749859
47061,10.895955909734118
47063,10.187267071179967
47065,5.586943045752629
47067,6.601208459214501
47069,18.83433133732535
47071,12.751442382660223
47073,7.056316697777622
47075,20.515487748497456
47077,12.238147739801542
47079,5.960735816973257
47081,6.946540630709349
47083,19.985367638092917
47085,4.924120116241524
47087,8.620397081282878
47089,6.073951738691623
47091,8.54508657521925
47093,3.659265212741302
47095,8.751425313568985
47097,10.958530019896227
47099,8.058085270264147
47101,7.743723508314313
47103,3.55002036896933
47105,3.4623067248649853
47107,12.856452392460124
47109,13.466178874445395
47111,16.376717340053652
47113,12.165251469627695
47115,7.088248521119452
47117,5.332363636363636
47119,6.575575544419891
47121,7.631621317018193
47123,9.792673756579653
47125,4.382921916045035
47127,4.130702836004932
47129,3.6863991029294962
47131,13.954571153014733
47133,11.860977474034442
47135,15.403665180782566
47137,20.978605388272584
47139,10.586977186311787
47141,11.332793320456103
47143,8.713480266529984
47145,3.963882956801918
47147,9.634745798114547
47149,6.2503573739410445
47151,3.6160957041870585
47153,3.4407027818448026
47155,3.9898218829516536
47157,10.324424915116426
47159,10.552165500818573
47161,8.91724389354721
47163,6.101750574683608
47165,11.844230799391479
47167,6.878358414909333
47169,15.366891173342786
47171,8.99177990270089
47173,2.4884838774283997
47175,3.8487738419618527
47177,4.709644596264264
47179,6.961932367149759
47181,6.453547651892282
47183,10.831733077292368
47185,8.513439385628086
47187,4.106756371323591
47189,6.9447036783563885
48001,11.64977916341907
48003,11.478214381181502
48005,18.896384708527936
48007,13.326244151424927
48009,3.0164854437039637
48011,15.315315315315313
48013,12.927883017613825
48015,5.8970431539691
48017,15.671428571428573
48019,5.9233298719280025
48021,6.917033914543016
48023,11.684240524365915
48025,17.442038998925227
48027,4.8641037793036555
48029,12.140027171715861
48031,8.549157656525018
48033,0.0
48035,9.34974578538935
48037,15.354174486567645
48039,8.40823589765513
48041,6.874451924209571
48043,9.214386613060958
48045,16.81759379042691
48047,53.94050472296631
48049,15.024825691950136
48051,9.239277774765494
48053,5.4864500051915694
48055,14.524551117625503
48057,6.881164866134336
48059,8.907695617872767
48061,37.77598703100224
48063,17.595845425385672
48065,5.146810664866689
48067,14.390861253580232
48069,18.99070385126162
48071,3.387549330474257
48073,13.613569881852372
48075,3.627155762387079
48077,6.379524400725814
48079,17.910970907816335
48081,28.048420431059935
48083,10.409785932721713
48085,3.502846153102742
48087,7.054794520547945
48089,4.37351695900991
48091,12.069086928410016
48093,10.671067106710671
48095,10.638297872340425
48097,4.57861696197009
48099,3.722136640728891
48101,45.06437768240343
48103,16.135084427767353
48105,31.206697459584298
48107,24.19382952762768
48109,25.28788576692768
48111,30.135858377933307
48113,9.534565527206057
48115,28.496228786926466
48117,32.28189366979402
48119,2.1759519789908084
48121,3.94642963817914
48123,0.0
48125,25.10176390773406
48127,11.981430264717503
48129,11.195851128737035
48131,27.883839741866094
48133,5.969498910675381
48135,12.308765934918755
48137,15.683229813664596
48139,9.27953859305509
48141,19.641508129994115
48143,6.641997283245117
48145,9.562351852922472
48147,12.409190741679337
48149,16.728477866329992
48151,16.449086161879894
48153,38.30532212885154
48155,19.567099567099568
48157,6.804215412818719
48159,12.643356643356643
48161,6.334635086473601
48163,7.746478873239436
48165,10.124697561883492
48167,9.26085596789609
48169,21.96179161984267
48171,6.228694234474581
48173,3.6905606813342797
48175,13.175763907025335
48177,15.491673465470077
48179,10.970483414054646
48181,9.262766863418788
48183,12.758078179837831
48185,23.75
48187,8.221304548478546
48189,36.014488415254746
48191,12.651821862348179
48193,12.705353977071269
48195,23.596962400444525
48197,10.653445207220951
48199,10.43713759938891
48201,10.607182827409526
48203,12.601986386789477
48205,1.0760401721664277
48207,11.75326970661011
48209,5.420281418474223
48211,2.9065200314218385
48213,7.8175423329344795
48215,31.300311842773226
48217,7.885617615760321
48219,21.423917292906477
48221,10.854436026799474
48223,14.108510408801639
48225,10.153256704980842
48227,14.218306785948068
48229,13.651248465002046
48231,8.523845264417714
48233,12.766262298213773
48235,0.0
48237,6.412982652490207
48239,17.378048780487802
48241,14.574009963691632
48243,1.759014951627089
48245,11.971458668733726
48247,18.557692307692307
48249,18.553925201324045
48251,8.076010852192905
48253,5.576856047403276
48255,17.242484456124608
48257,8.359651571015174
48259,4.435917437962514
48261,71.53465346534654
48263,6.692913385826772
48265,5.752851711026616
48267,8.439013142725386
48269,0.0
48271,6.681210799018271
48273,24.514341590612776
48275,36.8995633187773
48277,18.431978178463265
48279,43.08539517567672
48281,6.687511666977786
48283,29.58776595744681
48285,30.768085739803514
48287,17.44300713498463
48289,10.698689956331878
48291,12.25132907876988
48293,10.713828561675982
48295,9.403031240334055
48297,12.025886786270174
48299,2.9961000229410417
48301,0.0
48303,14.159494347471899
48305,20.988069232061836
48307,10.132765531062123
48309,9.75087969511696
48311,16.823687752355315
48313,9.948193783253991
48315,26.45626141668358
48317,25.229596257147808
48319,6.059897051941975
48321,24.296591436290697
48323,42.2380027928204
48325,15.119029156327542
48327,9.260991580916745
48329,9.140879478827362
48331,5.2894493010514445
48333,9.542376359532117
48335,9.362200117027502
48337,11.161570289635685
48339,5.338241758603601
48341,26.303724928366762
48343,7.16015498869874
48345,12.666666666666668
48347,20.18434451874118
48349,11.470077624568475
48351,16.23390952556087
48353,8.950659236101671
48355,17.898447117534378
48357,11.905246034973567
48359,18.181818181818183
48361,10.297856012278766
48363,13.628421665695981
48365,26.097266534448565
48367,5.8364478786097225
48369,30.296720458094743
48371,11.382165202553244
48373,11.142484372870134
48375,18.92177319763233
48377,20.360978520286395
48379,8.01502317404507
48381,10.106525890801885
48383,25.51312029098467
48385,38.49942062572422
48387,27.721866422689846
48389,12.63770655983976
48391,34.32642487046632
48393,4.683840749414521
48395,6.51282651985475
48397,5.442501072296621
48399,11.681605611847234
48401,7.385214866007425
48403,16.125972301271105
48405,36.83379871312371
48407,7.560899546068818
48409,18.983965233028623
48411,10.718414533443434
48413,15.717866093805943
48415,12.69233071903251
48417,0.6125574272588056
48419,23.011790773126535
48421,12.806088682991396
48423,10.44721612366864
48425,8.567046450482033
48427,43.77175746135875
48429,11.029254751227846
48431,4.492641363284275
48433,14.888888888888888
48435,14.433262711864407
48437,13.775855076382317
48439,7.725747497639731
48441,10.54450352811626
48443,10.56701030927835
48445,19.44557023587582
48447,23.18454363757495
48449,18.00916030534351
48451,12.641778523489933
48453,6.386337340280732
48455,8.777557845880828
48457,4.512735326688815
48459,6.234282566522166
48461,16.352201257861633
48463,19.90576268651135
48465,42.243753187149416
48467,8.148082700123698
48469,17.30376612658008
48471,17.737183264584562
48473,4.586757412301344
48475,5.109184864144025
48477,29.22356613343738
48479,19.929369749721673
48481,22.569544710751757
48483,6.942246835443037
48485,9.598426983286698
48487,12.303234395802335
48489,42.5086618597247
48491,4.675972100631444
48493,9.741531231642844
48495,9.875156054931336
48497,6.858710562414267
48499,13.375348602296933
48501,15.51704349822105
48503,11.315935591338146
48505,10.501445800126948
48507,27.728040540540537
49001,1.6244411326378538
49003,2.671020233379724
49005,1.2861585950471202
49007,1.324341494404535
49009,0.0
49011,1.9697255268214051
49013,1.3140736282475676
49015,3.0263683579704352
49017,12.393585428627993
49019,1.4763174082427721
49021,1.540874195371907
49023,5.117749854372971
49025,1.9274663961450673
49027,0.46254170457992116
49029,1.5258990432200592
49031,5.341446923597025
49033,0.0
49035,4.919095133988317
49037,34.485236477658745
49039,1.2831701089240117
49041,1.4847363552266422
49043,0.8186024439435283
49045,0.858024605931441
49047,0.9122964123803661
49049,2.4729856106627266
49051,4.713854096389077
49053,4.217824235734078
49055,0.0
49057,2.8023196381425985
50001,1.5335671751366342
50003,0.8204116154496758
50005,0.24005601306971627
50007,6.474776216004982
50009,0.0
50011,3.9998380632363064
50013,0.0
50015,1.0606419052125227
50017,0.05883981725044995
50019,0.4549321300440137
50021,0.869550274097369
50023,0.8680169152014244
50025,2.0013263227701197
50027,1.0370128219098471
51001,12.925485827453892
51003,3.8525564803804992
51005,8.337819650067296
51007,6.610878661087866
51009,2.07562094605284
51011,3.664131732763497
51013,14.308273025899124
51015,2.099049736626168
51017,0.0
51019,3.32417686747598
51021,8.853503184713375
51023,6.370627487357491
51025,4.9165177746287965
51027,4.508665016187393
51029,9.872871471891767
51031,2.315751115969755
51033,3.8340113913751015
51035,14.1821355442919
51036,15.151515151515152
51037,2.255892255892256
51041,5.908413217612145
51043,1.559614200697722
51045,0.7405963749756382
51047,6.3225929094192574
51049,3.1010873942811115
51051,1.5085905852772732
51053,6.088845291479821
51057,2.6933260293983383
51059,11.251799514087626
51061,5.537614781949397
51063,10.616547082354435
51065,7.495416208287494
51067,2.1983512365725706
51069,2.945819757482113
51071,0.2751196172248804
51073,1.5583163757095426
51075,6.980170925777797
51077,15.794212218649516
51079,3.108128563499672
51081,24.505998588567397
51083,4.780159830143611
51085,8.401536662769333
51087,14.838974904630339
51089,9.169847894455764
51091,0.0
51093,9.932900374572206
51095,6.360179292500294
51097,4.1138790035587185
51099,4.411983902220897
51101,3.160718451131327
51103,0.9148354239366217
51105,6.352730222430944
51107,6.499039991488085
51109,2.702774600303264
51111,3.1813709412922266
51113,3.9589774526807933
51115,0.7923930269413629
51117,24.356752868865858
51119,11.547911547911548
51121,1.7486172426041509
51125,1.7950435365036839
51127,2.36022692824044
51131,56.48163962425278
51133,8.780487804878048
51135,19.990808823529413
51137,2.704380448570889
51139,26.629570747217805
51141,18.877782825988188
51143,3.9500281671471646
51145,2.984621610683934
51147,10.328041399877204
51149,2.1562850363726436
51153,9.262546908054897
51155,4.276016104857907
51157,4.51831750339213
51159,10.971960545273191
51161,3.3030386681672437
51163,1.3378815398927923
51165,5.892761263240103
51167,4.058527044309034
51169,7.484002596679959
51171,25.376008804108587
51173,11.167951102843476
51175,27.25313368498667
51177,6.680615203905591
51179,2.0407896286024516
51181,10.806602304578012
51183,18.424590017026617
51185,1.5100381820421234
51187,7.031172194004581
51191,7.0040937848902125
51193,4.707188454066056
51195,8.453040151940721
51197,4.18700320736299
51199,2.1631517281780903
51510,9.660160072258323
51520,4.55792864813268
51530,3.0873726458783572
51540,9.526932678881225
51550,4.970286111054384
51570,30.011514104778353
51580,1.9501625135427951
51590,13.57257017280991
51595,84.04414515525627
51600,7.248428327574004
51610,9.543682014093179
51620,24.526170453119118
51630,2.837856454057033
51640,81.73940444304397
51650,3.3016132629544273
51660,14.359815904632564
51670,5.450752363620222
51678,2.6994359387590654
51680,4.04415344172914
51683,12.413289521723257
51685,9.360338711523058
51690,21.937231161382826
51700,4.284000557957874
51710,5.074523568232939
51720,0.25119316754584275
51730,14.601544056657948
51735,1.9802787058919402
51740,10.711032013390113
51750,1.6494054468738015
51760,5.539932996580395
51770,7.1875977123952275
51775,7.359392909371171
51790,3.561687790790952
51800,15.388457028705432
51810,3.828665656237916
51820,3.186036235086169
51830,10.56573492042263
51840,3.1768644490348317
53001,7.691537807136066
53003,5.5220972455938355
53005,13.686090317530212
53007,4.356217616580311
53009,0.34785532322095924
53011,3.183673636585211
53013,6.173149309912171
53015,1.230638467172425
53017,3.9489741877547258
53019,0.7735675888291595
53021,13.229085715485917
53023,0.5842696629213483
53025,4.540943181934455
53027,2.0889676396530823
53029,3.767867419926945
53031,0.11483194190124453
53033,8.29947149790792
53035,1.1503906465836382
53037,7.1722123709189525
53039,3.56298773690078
53041,2.3306528553904866
53043,2.532224152116281
53045,1.7613227893601726
53047,4.244490211395971
53049,2.314093720795692
53051,1.0711162926260567
53053,4.702203363610245
53055,0.0
53057,4.189466351921365
53059,1.3572788214847304
53061,6.537174470217727
53063,6.301286538969163
53065,1.8524593749316536
53067,1.5956714486328718
53069,0.0
53071,3.1994733377221856
53073,4.859823683625086
53075,3.1614242375858215
53077,21.167283844813912
54001,2.9986010583297853
54003,3.2079952337397524
54005,4.394836183995899
54007,0.02865945403740059
54009,3.833356123797803
54011,4.927946054706618
54013,0.0
54015,4.65444287729196
54017,1.9057765151515151
54019,8.369098712446352
54021,0.409050236482168
54023,10.382088520055326
54025,3.1331140730482954
54027,1.872707659115426
54029,2.0617841027421036
54031,1.4082462253193961
54033,2.8800404424884025
54035,18.767497200447927
54037,2.820844853533056
54039,9.190227032853517
54041,2.948387502357453
54043,1.969719241511098
54045,18.89815422093132
54047,0.669541534271448
54049,1.7138678841489514
54051,5.532082146015525
54053,3.2357821692562982
54055,7.864461009564655
54057,7.998362364150663
54059,7.7911543715847
54061,1.455327046168996
54063,8.015065913370998
54065,0.7492730932677254
54067,2.41263879817113
54069,4.716138224143344
54071,3.056392595781317
54073,5.951742627345844
54075,1.224687765247969
54077,3.7329504666188082
54079,4.4428697962798935
54081,2.1346492005288913
54083,0.6969855375500958
54085,2.1980322378061543
54087,2.9441846873173585
54089,4.390360295872107
54091,6.223420185684336
54093,0.26319637373885074
54095,0.6285647770923058
54097,1.1333553937789544
54099,6.913354652048119
54101,0.0
54103,5.277132426153336
54105,0.9448548359388421
54107,2.4569553868627123
54109,4.60429538099441
55001,5.192878338278932
55003,4.9029687700809665
55005,6.997612943152682
55007,6.218409151370046
55009,8.57444186556388
55011,5.156933466349475
55013,8.012196704294796
55015,5.031044740362155
55017,5.737882396609855
55019,11.41657560246161
55021,3.691858443996385
55023,2.919843779058955
55025,3.13355710222336
55027,9.772424549459807
55029,6.314153534769408
55031,3.3557358053302435
55033,1.8008287779932992
55035,4.5907153641801886
55037,18.672875436554133
55039,6.03947661093005
55041,21.423811639271435
55043,13.804700713466437
55045,1.9751082251082253
55047,3.558398984825253
55049,2.0652082101528846
55051,21.259011781255495
55053,3.8996269922007465
55055,6.36789392348618
55057,3.3199685240004495
55059,12.246919987497124
55061,8.427131251835176
55063,3.075854121475054
55065,1.6741674167416742
55067,12.903225806451612
55069,10.944804841807706
55071,4.688469378711336
55073,8.222297556230286
55075,10.218091697645601
55077,8.321561576987287
55078,10.842844600526778
55079,15.129963646975975
55081,4.155406135818217
55083,9.48062219878724
55085,7.419581401882287
55087,6.65407030896559
55089,7.7638672509835125
55091,2.2094140249759846
55093,4.652196285727651
55095,3.17018020692963
55097,4.590798620923529
55099,2.0522807280353534
55101,13.70274717157979
55103,9.054022722003246
55105,6.9823818210757
55107,5.670757511637749
55109,2.797534376481745
55111,3.732038111790447
55113,4.130933687643435
55115,10.70441820093401
55117,6.551933414253511
55119,8.513985154598632
55121,6.202570069816858
55123,3.708390110959704
55125,5.929263347600811
55127,8.971964416374629
55129,3.1106870229007635
55131,7.505476572033462
55133,8.11681403668499
55135,20.427534810747204
55137,5.257128830339974
55139,7.549430796884361
55141,3.931560706311046
56001,1.4068930041152263
56003,7.633587786259542
56005,2.1579163160052652
56007,4.925675675675676
56009,3.0241643756330485
56011,3.5205696202531644
56013,10.712921219530832
56015,5.3667398380137765
56017,0.7024699750736461
56019,5.4233274126702185
56021,2.2663316582914574
56023,2.576903681290973
56025,4.088507100102682
56027,1.230899830220713
56029,1.548263341782558
56031,5.647563445728583
56033,2.906347383959324
56035,2.3497101007018615
56037,1.8043124011052594
56039,1.3552676440504603
56041,2.254523880154257
56043,17.821909032671364
56045,1.01053847264328
